i1,out_modelYearID,out_fuelTypeID,out_dayID,out_SHO,out_activity,out_meanBaseRate,out_adjustedMeanBaseRate,out_emissionQuantKilojoules,out_emissionQuant,out_yearID,out_monthID,out_hourID,out_stateID,out_countyID,out_sourceTypeID,out_roadTypeID,out_pollutantID,out_processID,out_SCC,out_zoneID,out_linkID,out_regClassID,out_fuelSubTypeID,out_engTechID,out_sectorID,out_hpID
1,2020,1,5,402.6176603769177,80.52353207538354,155268.1668888951,155268.1668888951,12502741.216763949,11.850311643927064,2020,8,9,26,26161,21,4,91,1,2201210401,NaN,NaN,NaN,NaN,NaN,NaN,NaN
2,2019,1,5,480.62938079334634,96.12587615866927,158877.4143222005,158877.4143222005,15272230.653545432,14.475281028754429,2020,8,9,26,26161,21,4,91,1,2201210401,NaN,NaN,NaN,NaN,NaN,NaN,NaN
3,2018,1,5,507.5180304883093,101.50360609766186,159198.65228605949,159198.65228605949,16159237.292922817,15.316001069633197,2020,8,9,26,26161,21,4,91,1,2201210401,NaN,NaN,NaN,NaN,NaN,NaN,NaN
4,2017,1,5,570.2352611038926,114.04705222077853,167458.69395928804,167458.69395928804,19098170.414798293,18.1015720729094,2020,8,9,26,26161,21,4,91,1,2201210401,NaN,NaN,NaN,NaN,NaN,NaN,NaN
5,2016,1,5,568.6493121343977,113.72986242687955,170601.7579492007,170601.7579492007,19402514.4613464,18.390034557738975,2020,8,9,26,26161,21,4,91,1,2201210401,NaN,NaN,NaN,NaN,NaN,NaN,NaN
6,2015,1,5,607.7619621269895,121.5523924253979,179374.31009297198,179374.31009297198,21803376.53145594,20.665612629108978,2020,8,9,26,26161,21,4,91,1,2201210401,NaN,NaN,NaN,NaN,NaN,NaN,NaN
7,2014,1,5,563.6951306860644,112.73902613721289,187590.1330785611,187590.1330785611,21148728.916227143,20.04512643948737,2020,8,9,26,26161,21,4,91,1,2201210401,NaN,NaN,NaN,NaN,NaN,NaN,NaN
8,2013,1,5,573.4426434643063,114.68852869286127,192755.05644548053,192755.05644548053,22106793.821841586,20.953196718620866,2020,8,9,26,26161,21,4,91,1,2201210401,NaN,NaN,NaN,NaN,NaN,NaN,NaN
9,2012,1,5,489.89728344000207,97.97945668800041,199312.78052592586,199312.78052592586,19528557.946904883,18.509500725890334,2020,8,9,26,26161,21,4,91,1,2201210401,NaN,NaN,NaN,NaN,NaN,NaN,NaN
10,2011,1,5,359.05664640956604,71.8113292819132,217444.09042707426,217444.09042707426,15614949.17806474,14.800115499154819,2020,8,9,26,26161,21,4,91,1,2201210401,NaN,NaN,NaN,NaN,NaN,NaN,NaN
11,2010,1,5,356.2443525194939,71.24887050389877,216655.82037598206,216655.82037598206,15436482.489884298,14.630961724288065,2020,8,9,26,26161,21,4,91,1,2201210401,NaN,NaN,NaN,NaN,NaN,NaN,NaN
12,2009,1,5,318.16097829341277,63.632195658682555,213779.9514214912,213779.9514214912,13603287.69675598,12.893428392520223,2020,8,9,26,26161,21,4,91,1,2201210401,NaN,NaN,NaN,NaN,NaN,NaN,NaN
13,2008,1,5,393.14510879899035,78.62902175979806,217922.57236687376,217922.57236687376,17135038.684586085,16.24088229314303,2020,8,9,26,26161,21,4,91,1,2201210401,NaN,NaN,NaN,NaN,NaN,NaN,NaN
14,2007,1,5,415.19776535938905,83.0395530718778,222311.09793760497,222311.09793760497,18460614.21565717,17.497285419338603,2020,8,9,26,26161,21,4,91,1,2201210401,NaN,NaN,NaN,NaN,NaN,NaN,NaN
15,2006,1,5,355.79950014830104,71.15990002966021,220862.1321532406,220862.1321532406,15716527.244362202,14.89639292511629,2020,8,9,26,26161,21,4,91,1,2201210401,NaN,NaN,NaN,NaN,NaN,NaN,NaN
16,2005,1,5,314.89007101540653,62.97801420308131,221377.5944380755,221377.5944380755,13941921.286765093,13.214391092230365,2020,8,9,26,26161,21,4,91,1,2201210401,NaN,NaN,NaN,NaN,NaN,NaN,NaN
17,2004,1,5,255.0202039901817,51.00404079803634,221780.9234494446,221780.9234494446,11311723.267841648,10.721444492032742,2020,8,9,26,26161,21,4,91,1,2201210401,NaN,NaN,NaN,NaN,NaN,NaN,NaN
18,2003,1,5,230.2885652303022,46.05771304606044,221578.07970463994,221578.07970463994,10205379.612333415,9.672833081482615,2020,8,9,26,26161,21,4,91,1,2201210401,NaN,NaN,NaN,NaN,NaN,NaN,NaN
19,2002,1,5,183.49998676876976,36.69999735375395,221035.40910588342,221035.40910588342,8111998.929271843,7.688691119846675,2020,8,9,26,26161,21,4,91,1,2201210401,NaN,NaN,NaN,NaN,NaN,NaN,NaN
20,2001,1,5,146.32179760023757,29.264359520047513,221702.43857278768,221702.43857278768,6487979.868865308,6.149418119803233,2020,8,9,26,26161,21,4,91,1,2201210401,NaN,NaN,NaN,NaN,NaN,NaN,NaN
21,2000,1,5,129.46798835129627,25.893597670259254,215739.59782024485,215739.59782024485,5586274.34750096,5.294766227553402,2020,8,9,26,26161,21,4,91,1,2201210401,NaN,NaN,NaN,NaN,NaN,NaN,NaN
22,1999,1,5,94.2445360321913,18.848907206438263,216052.80164615245,216052.80164615245,4072359.2099193395,3.8598516058905874,2020,8,9,26,26161,21,4,91,1,2201210401,NaN,NaN,NaN,NaN,NaN,NaN,NaN
23,1998,1,5,72.501436851349,14.500287370269799,214189.61342299508,214189.61342299508,3105810.946360426,2.943740655220662,2020,8,9,26,26161,21,4,91,1,2201210401,NaN,NaN,NaN,NaN,NaN,NaN,NaN
24,1997,1,5,56.89248149254871,11.378496298509742,213534.9720884513,213534.9720884513,2429706.889510824,2.302917683803127,2020,8,9,26,26161,21,4,91,1,2201210401,NaN,NaN,NaN,NaN,NaN,NaN,NaN
25,1996,1,5,41.59229376636794,8.318458753273587,216665.81661714258,216665.81661714258,1802325.6587740395,1.7082750390515224,2020,8,9,26,26161,21,4,91,1,2201210401,NaN,NaN,NaN,NaN,NaN,NaN,NaN
26,1995,1,5,38.77685925137017,7.755371850274034,214058.8263221652,214058.8263221652,1660105.7959616184,1.5734766242827685,2020,8,9,26,26161,21,4,91,1,2201210401,NaN,NaN,NaN,NaN,NaN,NaN,NaN
27,1994,1,5,28.505496422381704,5.70109928447634,215822.72957639626,215822.72957639626,1230426.8091617234,1.1662195426438762,2020,8,9,26,26161,21,4,91,1,2201210401,NaN,NaN,NaN,NaN,NaN,NaN,NaN
28,1993,1,5,23.44953018216591,4.6899060364331815,212810.14827724156,212810.14827724156,998059.5990196756,0.9459779325623178,2020,8,9,26,26161,21,4,91,1,2201210401,NaN,NaN,NaN,NaN,NaN,NaN,NaN
29,1992,1,5,19.793724042698255,3.958744808539651,216001.15844490973,216001.15844490973,855093.464632337,0.8104721888502181,2020,8,9,26,26161,21,4,91,1,2201210401,NaN,NaN,NaN,NaN,NaN,NaN,NaN
30,1991,1,5,19.512226723933956,3.9024453447867913,210019.00526252252,210019.00526252252,819587.6894034836,0.7768192087295882,2020,8,9,26,26161,21,4,91,1,2201210401,NaN,NaN,NaN,NaN,NaN,NaN,NaN
31,1990,1,5,16.25789295528262,3.251578591056524,221139.8640680926,221139.8640680926,719053.6476329598,0.6815313270443393,2020,8,9,26,26161,21,4,91,1,2201210401,NaN,NaN,NaN,NaN,NaN,NaN,NaN
32,1989,1,5,15.819037448675724,3.1638074897351447,220356.54538392313,220356.54538392313,697165.6886978183,0.6607855457685401,2020,8,9,26,26161,21,4,91,1,2201210401,NaN,NaN,NaN,NaN,NaN,NaN,NaN
33,1988,1,5,14.1729541412639,2.83459082825278,218467.03122937863,218467.03122937863,619264.6429984104,0.5869496042801242,2020,8,9,26,26161,21,4,91,1,2201210401,NaN,NaN,NaN,NaN,NaN,NaN,NaN
34,1987,1,5,13.943281426910733,2.788656285382147,216139.49194662343,216139.49194662343,602738.7527362553,0.5712860832646453,2020,8,9,26,26161,21,4,91,1,2201210401,NaN,NaN,NaN,NaN,NaN,NaN,NaN
35,1986,1,5,12.046049843255599,2.40920996865112,219406.76280355387,219406.76280355387,528596.9601357937,0.5010132260629921,2020,8,9,26,26161,21,4,91,1,2201210401,NaN,NaN,NaN,NaN,NaN,NaN,NaN
36,1985,1,5,9.277922277084855,1.855584455416971,242014.0251818517,242014.0251818517,449077.46312033536,0.4256432887777181,2020,8,9,26,26161,21,4,91,1,2201210401,NaN,NaN,NaN,NaN,NaN,NaN,NaN
37,1984,1,5,7.400140714219595,1.480028142843919,241554.22117698807,241554.22117698807,357507.0453646869,0.3388512830122905,2020,8,9,26,26161,21,4,91,1,2201210401,NaN,NaN,NaN,NaN,NaN,NaN,NaN
38,1983,1,5,5.516188343372941,1.1032376686745882,238602.72782709583,238602.72782709583,263235.5171873625,0.24949911866031216,2020,8,9,26,26161,21,4,91,1,2201210401,NaN,NaN,NaN,NaN,NaN,NaN,NaN
39,1982,1,5,4.034809855148089,0.8069619710296179,226035.7011559064,226035.7011559064,182402.2149278319,0.17288393432787008,2020,8,9,26,26161,21,4,91,1,2201210401,NaN,NaN,NaN,NaN,NaN,NaN,NaN
40,1981,1,5,2.836822752954373,0.5673645505908745,276458.3589875284,276458.3589875284,156852.67260404973,0.14866764178471464,2020,8,9,26,26161,21,4,91,1,2201210401,NaN,NaN,NaN,NaN,NaN,NaN,NaN
41,1980,1,5,35.90528309920591,7.181056619841182,293130.80776024837,293130.80776024837,2104988.9275461244,1.9951444540010859,2020,8,9,26,26161,21,4,91,1,2201210401,NaN,NaN,NaN,NaN,NaN,NaN,NaN
42,2019,2,5,480.62938079334634,96.12587615866927,12.54158935555342,12.54158935555342,1205.5712652248128,0.001142661033623728,2020,8,9,26,26161,21,4,91,1,2202210401,NaN,NaN,NaN,NaN,NaN,NaN,NaN
43,2018,2,5,507.5180304883093,101.50360609766186,139.72159086316998,139.72159086316998,14182.245322313876,0.013442174317317096,2020,8,9,26,26161,21,4,91,1,2202210401,NaN,NaN,NaN,NaN,NaN,NaN,NaN
44,2017,2,5,570.2352611038926,114.04705222077853,152.7825726584394,152.7825726584394,17424.402042401925,0.01651514582535572,2020,8,9,26,26161,21,4,91,1,2202210401,NaN,NaN,NaN,NaN,NaN,NaN,NaN
45,2016,2,5,568.6493121343977,113.72986242687955,146.09629074564896,146.09629074564896,16615.51104758005,0.01574846512642605,2020,8,9,26,26161,21,4,91,1,2202210401,NaN,NaN,NaN,NaN,NaN,NaN,NaN
46,2015,2,5,607.7619621269895,121.5523924253979,1817.1445620691422,1817.1445620691422,220878.26890230618,0.20935219536927488,2020,8,9,26,26161,21,4,91,1,2202210401,NaN,NaN,NaN,NaN,NaN,NaN,NaN
47,2014,2,5,563.6951306860644,112.73902613721289,2476.774529083662,2476.774529083662,279229.1483703461,0.2646581554307654,2020,8,9,26,26161,21,4,91,1,2202210401,NaN,NaN,NaN,NaN,NaN,NaN,NaN
48,2013,2,5,573.4426434643063,114.68852869286127,2570.3449858664258,2570.3449858664258,294789.08466209366,0.2794061287767725,2020,8,9,26,26161,21,4,91,1,2202210401,NaN,NaN,NaN,NaN,NaN,NaN,NaN
49,2012,2,5,489.89728344000207,97.97945668800041,2472.2663832881804,2472.2663832881804,242231.31702258368,0.2295909790396733,2020,8,9,26,26161,21,4,91,1,2202210401,NaN,NaN,NaN,NaN,NaN,NaN,NaN
50,2011,2,5,359.05664640956604,71.8113292819132,2904.462915294802,2904.462915294802,208573.3427973406,0.19768937626654717,2020,8,9,26,26161,21,4,91,1,2202210401,NaN,NaN,NaN,NaN,NaN,NaN,NaN
51,2010,2,5,356.2443525194939,71.24887050389877,2605.7608280871623,2605.7608280871623,185657.51580451426,0.17596936409200142,2020,8,9,26,26161,21,4,91,1,2202210401,NaN,NaN,NaN,NaN,NaN,NaN,NaN
52,2009,2,5,318.16097829341277,63.632195658682555,1883.9223583586872,1883.9223583586872,119878.11611284666,0.11362252570015166,2020,8,9,26,26161,21,4,91,1,2202210401,NaN,NaN,NaN,NaN,NaN,NaN,NaN
53,2008,2,5,393.14510879899035,78.62902175979806,168.95355463908777,168.95355463908777,13284.652724112064,0.012591420723880187,2020,8,9,26,26161,21,4,91,1,2202210401,NaN,NaN,NaN,NaN,NaN,NaN,NaN
54,2007,2,5,415.19776535938905,83.0395530718778,113.86588471824572,113.86588471824572,9455.372177137086,0.008961963225964695,2020,8,9,26,26161,21,4,91,1,2202210401,NaN,NaN,NaN,NaN,NaN,NaN,NaN
55,2006,2,5,355.79950014830104,71.15990002966021,1687.284728995185,1687.284728995185,120067.01263686968,0.11380156505154813,2020,8,9,26,26161,21,4,91,1,2202210401,NaN,NaN,NaN,NaN,NaN,NaN,NaN
56,2005,2,5,314.89007101540653,62.97801420308131,1192.4399606074003,1192.4399606074003,75097.50077545457,0.0711786937312559,2020,8,9,26,26161,21,4,91,1,2202210401,NaN,NaN,NaN,NaN,NaN,NaN,NaN
57,2004,2,5,255.0202039901817,51.00404079803634,821.2195668699877,821.2195668699877,41885.51629278259,0.03969980765263962,2020,8,9,26,26161,21,4,91,1,2202210401,NaN,NaN,NaN,NaN,NaN,NaN,NaN
58,2003,2,5,230.2885652303022,46.05771304606044,1010.2151870322086,1010.2151870322086,46528.20119910174,0.04410022369345713,2020,8,9,26,26161,21,4,91,1,2202210401,NaN,NaN,NaN,NaN,NaN,NaN,NaN
59,2002,2,5,183.49998676876976,36.69999735375395,1125.8161536246646,1125.8161536246646,41317.44985883864,0.03916138458525149,2020,8,9,26,26161,21,4,91,1,2202210401,NaN,NaN,NaN,NaN,NaN,NaN,NaN
60,2001,2,5,146.32179760023757,29.264359520047513,814.3166205912988,814.3166205912988,23830.454348133895,0.022586911601682802,2020,8,9,26,26161,21,4,91,1,2202210401,NaN,NaN,NaN,NaN,NaN,NaN,NaN
61,2000,2,5,129.46798835129627,25.893597670259254,750.6542399627539,750.6542399627539,19437.138879069797,0.01842285217216433,2020,8,9,26,26161,21,4,91,1,2202210401,NaN,NaN,NaN,NaN,NaN,NaN,NaN
62,1999,2,5,94.2445360321913,18.848907206438263,456.4258253705138,456.4258253705138,8603.12802903081,0.00815419166797779,2020,8,9,26,26161,21,4,91,1,2202210401,NaN,NaN,NaN,NaN,NaN,NaN,NaN
63,1998,2,5,72.501436851349,14.500287370269799,536.2947647863872,536.2947647863872,7776.428204573863,0.007370631456185271,2020,8,9,26,26161,21,4,91,1,2202210401,NaN,NaN,NaN,NaN,NaN,NaN,NaN
64,1997,2,5,56.89248149254871,11.378496298509742,220.45158589359653,220.45158589359653,2508.4075540908902,0.0023775115177223217,2020,8,9,26,26161,21,4,91,1,2202210401,NaN,NaN,NaN,NaN,NaN,NaN,NaN
65,1996,2,5,41.59229376636794,8.318458753273587,302.0437168011456,302.0437168011456,2512.538199895778,0.0023814266143583267,2020,8,9,26,26161,21,4,91,1,2202210401,NaN,NaN,NaN,NaN,NaN,NaN,NaN
66,1995,2,5,38.77685925137017,7.755371850274034,229.01639549600515,229.01639549600515,1776.1073068809433,0.0016834248373768092,2020,8,9,26,26161,21,4,91,1,2202210401,NaN,NaN,NaN,NaN,NaN,NaN,NaN
67,1994,2,5,28.505496422381704,5.70109928447634,36.4683444267602,36.4683444267602,207.9096523174393,0.0001970603190953572,2020,8,9,26,26161,21,4,91,1,2202210401,NaN,NaN,NaN,NaN,NaN,NaN,NaN
68,1993,2,5,23.44953018216591,4.6899060364331815,168.05571104115506,168.05571104115506,788.1654936689836,0.0007470367149920525,2020,8,9,26,26161,21,4,91,1,2202210401,NaN,NaN,NaN,NaN,NaN,NaN,NaN
69,1992,2,5,19.793724042698255,3.958744808539651,283.1112802553258,283.1112802553258,1120.7653109497853,0.0010622805018670434,2020,8,9,26,26161,21,4,91,1,2202210401,NaN,NaN,NaN,NaN,NaN,NaN,NaN
70,1991,2,5,19.512226723933956,3.9024453447867913,685.9327823907233,685.9327823907233,2676.8151934773296,0.002537131154356209,2020,8,9,26,26161,21,4,91,1,2202210401,NaN,NaN,NaN,NaN,NaN,NaN,NaN
71,1990,2,5,16.25789295528262,3.251578591056524,258.50981187552424,258.50981187552424,840.5649698725042,0.0007967018334028596,2020,8,9,26,26161,21,4,91,1,2202210401,NaN,NaN,NaN,NaN,NaN,NaN,NaN
72,1989,2,5,15.819037448675724,3.1638074897351447,221.24151691509493,221.24151691509493,699.9655682563421,0.0006634393194297496,2020,8,9,26,26161,21,4,91,1,2202210401,NaN,NaN,NaN,NaN,NaN,NaN,NaN
73,1988,2,5,14.1729541412639,2.83459082825278,63.165335570822364,63.165335570822364,179.04788087256216,0.00016970463922580986,2020,8,9,26,26161,21,4,91,1,2202210401,NaN,NaN,NaN,NaN,NaN,NaN,NaN
74,1987,2,5,13.943281426910733,2.788656285382147,3101.753160661612,3101.753160661612,8649.723447182945,0.008198355601047248,2020,8,9,26,26161,21,4,91,1,2202210401,NaN,NaN,NaN,NaN,NaN,NaN,NaN
75,1986,2,5,12.046049843255599,2.40920996865112,2157.975661150733,2157.975661150733,5199.016474950837,0.004927716602457591,2020,8,9,26,26161,21,4,91,1,2202210401,NaN,NaN,NaN,NaN,NaN,NaN,NaN
76,1985,2,5,9.277922277084855,1.855584455416971,4227.179447260349,4227.179447260349,7843.888472594406,0.007434571450284677,2020,8,9,26,26161,21,4,91,1,2202210401,NaN,NaN,NaN,NaN,NaN,NaN,NaN
77,1984,2,5,7.400140714219595,1.480028142843919,5910.323207035081,5910.323207035081,8747.444679715447,0.008290977454100248,2020,8,9,26,26161,21,4,91,1,2202210401,NaN,NaN,NaN,NaN,NaN,NaN,NaN
78,1983,2,5,5.516188343372941,1.1032376686745882,11540.279874556094,11540.279874556094,12731.671464657535,0.01206729564249395,2020,8,9,26,26161,21,4,91,1,2202210401,NaN,NaN,NaN,NaN,NaN,NaN,NaN
79,1982,2,5,4.034809855148089,0.8069619710296179,17817.137565565896,17817.137565565896,14377.752448014902,0.013627479309878178,2020,8,9,26,26161,21,4,91,1,2202210401,NaN,NaN,NaN,NaN,NaN,NaN,NaN
80,1981,2,5,2.836822752954373,0.5673645505908745,14725.949509813781,14725.949509813781,8354.981725659405,0.007918994363862052,2020,8,9,26,26161,21,4,91,1,2202210401,NaN,NaN,NaN,NaN,NaN,NaN,NaN
81,1980,2,5,35.90528309920591,7.181056619841182,10017.075965779566,10017.075965779566,71933.18967551335,0.06817950563142042,2020,8,9,26,26161,21,4,91,1,2202210401,NaN,NaN,NaN,NaN,NaN,NaN,NaN
82,2020,5,5,402.6176603769177,80.52353207538354,51.777989429872584,51.777989429872584,4169.346592655215,0.003951777903573843,2020,8,9,26,26161,21,4,91,1,2205210401,NaN,NaN,NaN,NaN,NaN,NaN,NaN
83,2019,5,5,480.62938079334634,96.12587615866927,83.44749824904869,83.44749824904869,8021.463882438826,0.007602880456323523,2020,8,9,26,26161,21,4,91,1,2205210401,NaN,NaN,NaN,NaN,NaN,NaN,NaN
84,2018,5,5,507.5180304883093,101.50360609766186,70.6992450908905,70.6992450908905,7176.228325107803,0.006801751760364358,2020,8,9,26,26161,21,4,91,1,2205210401,NaN,NaN,NaN,NaN,NaN,NaN,NaN
85,2017,5,5,570.2352611038926,114.04705222077853,47.652222638985975,47.652222638985975,5434.595523744598,0.0051510024480642186,2020,8,9,26,26161,21,4,91,1,2205210401,NaN,NaN,NaN,NaN,NaN,NaN,NaN
86,2016,5,5,568.6493121343977,113.72986242687955,93.9208676493322,93.9208676493322,10681.607356771712,0.010124209870559191,2020,8,9,26,26161,21,4,91,1,2205210401,NaN,NaN,NaN,NaN,NaN,NaN,NaN
87,2015,5,5,607.7619621269895,121.5523924253979,104.17636382995514,104.17636382995514,12662.886257709733,0.012002099848652316,2020,8,9,26,26161,21,4,91,1,2205210401,NaN,NaN,NaN,NaN,NaN,NaN,NaN
88,2014,5,5,563.6951306860644,112.73902613721289,140.0685085536938,140.0685085536938,15791.18724683531,0.014967156950485096,2020,8,9,26,26161,21,4,91,1,2205210401,NaN,NaN,NaN,NaN,NaN,NaN,NaN
89,2013,5,5,573.4426434643063,114.68852869286127,161.63838652040639,161.63838652040639,18538.06873031343,0.017570698131078578,2020,8,9,26,26161,21,4,91,1,2205210401,NaN,NaN,NaN,NaN,NaN,NaN,NaN
90,2012,5,5,489.89728344000207,97.97945668800041,172.32144994275654,172.32144994275654,16883.962041079747,0.016002907562603787,2020,8,9,26,26161,21,4,91,1,2205210401,NaN,NaN,NaN,NaN,NaN,NaN,NaN
91,2011,5,5,359.05664640956604,71.8113292819132,335.3197545868539,335.3197545868539,24079.75731136689,0.022823205207768506,2020,8,9,26,26161,21,4,91,1,2205210401,NaN,NaN,NaN,NaN,NaN,NaN,NaN
92,2010,5,5,356.2443525194939,71.24887050389877,210.2381378583526,210.2381378583526,14979.229859250581,0.014197569872127704,2020,8,9,26,26161,21,4,91,1,2205210401,NaN,NaN,NaN,NaN,NaN,NaN,NaN
93,2009,5,5,318.16097829341277,63.632195658682555,175.50974711210384,175.50974711210384,11168.070568243287,0.010585288010088647,2020,8,9,26,26161,21,4,91,1,2205210401,NaN,NaN,NaN,NaN,NaN,NaN,NaN
94,2008,5,5,393.14510879899035,78.62902175979806,200.71980369210922,200.71980369210922,15782.401812129252,0.014958829965435244,2020,8,9,26,26161,21,4,91,1,2205210401,NaN,NaN,NaN,NaN,NaN,NaN,NaN
95,2007,5,5,415.19776535938905,83.0395530718778,120.43841445199301,120.43841445199301,10001.152108779088,0.009479262765867748,2020,8,9,26,26161,21,4,91,1,2205210401,NaN,NaN,NaN,NaN,NaN,NaN,NaN
96,2006,5,5,355.79950014830104,71.15990002966021,141.29870702670334,141.29870702670334,10054.801866340456,0.009530112922301515,2020,8,9,26,26161,21,4,91,1,2205210401,NaN,NaN,NaN,NaN,NaN,NaN,NaN
97,2005,5,5,314.89007101540653,62.97801420308131,55.17228303626356,55.17228303626356,3474.640824674228,0.0032933239126706247,2020,8,9,26,26161,21,4,91,1,2205210401,NaN,NaN,NaN,NaN,NaN,NaN,NaN
98,2004,5,5,255.0202039901817,51.00404079803634,37.85028903297345,37.85028903297345,1930.5176860552453,0.0018297776317399343,2020,8,9,26,26161,21,4,91,1,2205210401,NaN,NaN,NaN,NaN,NaN,NaN,NaN
99,2003,5,5,230.2885652303022,46.05771304606044,56.50009060703764,56.50009060703764,2602.2649602553547,0.0024664711701582395,2020,8,9,26,26161,21,4,91,1,2205210401,NaN,NaN,NaN,NaN,NaN,NaN,NaN
100,2002,5,5,183.49998676876976,36.69999735375395,31.473662886137234,31.473662886137234,1155.0833446341803,0.0010948077202678837,2020,8,9,26,26161,21,4,91,1,2205210401,NaN,NaN,NaN,NaN,NaN,NaN,NaN
101,2001,5,5,146.32179760023757,29.264359520047513,37.37591242186944,37.37591242186944,1093.782138503397,0.0010367053902105062,2020,8,9,26,26161,21,4,91,1,2205210401,NaN,NaN,NaN,NaN,NaN,NaN,NaN
102,2000,5,5,129.46798835129627,25.893597670259254,48.25584801920952,48.25584801920952,1249.5175138465884,0.001184314038570457,2020,8,9,26,26161,21,4,91,1,2205210401,NaN,NaN,NaN,NaN,NaN,NaN,NaN
103,1999,5,5,94.2445360321913,18.848907206438263,65.54696642773037,65.54696642773037,1235.4886878598138,0.001171017277719421,2020,8,9,26,26161,21,4,91,1,2205210401,NaN,NaN,NaN,NaN,NaN,NaN,NaN
104,1998,5,5,72.501436851349,14.500287370269799,34.59335757098726,34.59335757098726,501.6136258818137,0.0004754379610424562,2020,8,9,26,26161,21,4,91,1,2205210401,NaN,NaN,NaN,NaN,NaN,NaN,NaN
105,2020,9,5,402.6176603769177,80.52353207538354,2065.3444268357857,2312.8157075428735,186236.08981077946,0.17651774641588133,2020,8,9,26,26161,21,4,91,1,2209210401,NaN,NaN,NaN,NaN,NaN,NaN,NaN
106,2019,9,5,480.62938079334634,96.12587615866927,1602.69713253978,1794.7336310635835,172520.34275741686,0.16351772712461665,2020,8,9,26,26161,21,4,91,1,2209210401,NaN,NaN,NaN,NaN,NaN,NaN,NaN
107,2018,9,5,507.5180304883093,101.50360609766186,1823.1061457569767,2041.5522348902318,207224.91387809932,0.19641131230875947,2020,8,9,26,26161,21,4,91,1,2209210401,NaN,NaN,NaN,NaN,NaN,NaN,NaN
108,2017,9,5,570.2352611038926,114.04705222077853,646.9736164569039,724.4945313067234,82626.46564560634,0.07831477521295917,2020,8,9,26,26161,21,4,91,1,2209210401,NaN,NaN,NaN,NaN,NaN,NaN,NaN
109,2016,9,5,568.6493121343977,113.72986242687955,425.51538077731686,501.21709219961826,57003.35094186319,0.05402874951162605,2020,8,9,26,26161,21,4,91,1,2209210401,NaN,NaN,NaN,NaN,NaN,NaN,NaN
110,2015,9,5,607.7619621269895,121.5523924253979,420.6860118109805,495.5285498347233,60232.68074749863,0.05708956345109166,2020,8,9,26,26161,21,4,91,1,2209210401,NaN,NaN,NaN,NaN,NaN,NaN,NaN
111,2014,9,5,563.6951306860644,112.73902613721289,256.54558231875086,312.12088227643665,35188.20430493314,0.0333519809755418,2020,8,9,26,26161,21,4,91,1,2209210401,NaN,NaN,NaN,NaN,NaN,NaN,NaN
112,2013,9,5,573.4426434643063,114.68852869286127,306.76155913722033,373.21511296749543,42803.49219218206,0.04056988088705257,2020,8,9,26,26161,21,4,91,1,2209210401,NaN,NaN,NaN,NaN,NaN,NaN,NaN
113,2012,9,5,489.89728344000207,97.97945668800041,115.8708250958161,145.4587582200056,14251.970100907361,0.01350826065321028,2020,8,9,26,26161,21,4,91,1,2209210401,NaN,NaN,NaN,NaN,NaN,NaN,NaN
114,2011,9,5,359.05664640956604,71.8113292819132,94.51527073919685,118.65000446128371,8520.414539669715,0.008075794410201122,2020,8,9,26,26161,21,4,91,1,2209210401,NaN,NaN,NaN,NaN,NaN,NaN,NaN
115,2010,9,5,356.2443525194939,71.24887050389877,10.309148355788823,13.241021656565731,943.407837347971,0.0008941780595207998,2020,8,9,26,26161,21,4,91,1,2209210401,NaN,NaN,NaN,NaN,NaN,NaN,NaN
116,2009,9,5,318.16097829341277,63.632195658682555,9.17768434289912,11.787774600528873,750.0819797613019,0.0007109405101296545,2020,8,9,26,26161,21,4,91,1,2209210401,NaN,NaN,NaN,NaN,NaN,NaN,NaN
117,2008,9,5,393.14510879899035,78.62902175979806,16.6690341800141,21.409629093916816,1683.418191894791,0.0015955725112714795,2020,8,9,26,26161,21,4,91,1,2209210401,NaN,NaN,NaN,NaN,NaN,NaN,NaN
118,2007,9,5,415.19776535938905,83.0395530718778,8.95958374865947,11.507647223177141,955.5898823214654,0.0009057244097885859,2020,8,9,26,26161,21,4,91,1,2209210401,NaN,NaN,NaN,NaN,NaN,NaN,NaN
119,2006,9,5,355.79950014830104,71.15990002966021,5.96258307218869,7.658313651446296,544.9648338327004,0.0005165269762793614,2020,8,9,26,26161,21,4,91,1,2209210401,NaN,NaN,NaN,NaN,NaN,NaN,NaN
120,2005,9,5,314.89007101540653,62.97801420308131,11.35133008501367,14.579594967424581,918.193938933638,0.0008702798960070627,2020,8,9,26,26161,21,4,91,1,2209210401,NaN,NaN,NaN,NaN,NaN,NaN,NaN
121,2004,9,5,255.0202039901817,51.00404079803634,1.043495165568365,1.340260282320395,68.35869011945714,0.00006479153390778358,2020,8,9,26,26161,21,4,91,1,2209210401,NaN,NaN,NaN,NaN,NaN,NaN,NaN
122,2003,9,5,230.2885652303022,46.05771304606044,3.5237346086030614,4.525868156539222,208.45113683818602,0.00019757354737145774,2020,8,9,26,26161,21,4,91,1,2209210401,NaN,NaN,NaN,NaN,NaN,NaN,NaN
123,2002,9,5,183.49998676876976,36.69999735375395,107.18220068776986,137.6643144055853,5052.279974391332,0.004788637241298145,2020,8,9,26,26161,21,4,91,1,2209210401,NaN,NaN,NaN,NaN,NaN,NaN,NaN
124,2001,9,5,146.32179760023757,29.264359520047513,20.187052191285044,25.928154879732084,758.770846091954,0.0007191759660241262,2020,8,9,26,26161,21,4,91,1,2209210401,NaN,NaN,NaN,NaN,NaN,NaN,NaN
125,2000,9,5,129.46798835129627,25.893597670259254,15.753050789080202,20.233144335154005,523.908899018763,0.0004965698016747387,2020,8,9,26,26161,21,4,91,1,2209210401,NaN,NaN,NaN,NaN,NaN,NaN,NaN
