i1,out_cohortOrdinal,out_pointOrdinal,out_ageSlot,out_ppOrdinal,out_SCC,out_modelYearID,out_polProcessID,out_pollutantID,out_processID,out_yearID,out_monthID,out_dayID,out_countyID,out_hourID,out_stateID,out_fuelTypeID,out_zoneID,out_linkID,out_sourceTypeID,out_regClassID,out_fuelSubTypeID,out_engTechID,out_sectorID,out_hpID,out_emissionQuant
1,1,1,1,1,2260007005,2020,101,1,1,2020,8,5,26161,0,26,1,NaN,NaN,NaN,NaN,NaN,NaN,NaN,NaN,269.1395263671875
2,1,1,1,2,2260007005,2020,201,2,1,2020,8,5,26161,0,26,1,NaN,NaN,NaN,NaN,NaN,NaN,NaN,NaN,1205.139404296875
3,1,1,1,3,2260007005,2020,301,3,1,2020,8,5,26161,0,26,1,NaN,NaN,NaN,NaN,NaN,NaN,NaN,NaN,6.923389911651611
4,1,1,1,4,2260007005,2020,10001,100,1,2020,8,5,26161,0,26,1,NaN,NaN,NaN,NaN,NaN,NaN,NaN,NaN,44.160369873046875
5,2,1,2,1,2260007005,2019,101,1,1,2020,8,5,26161,0,26,1,NaN,NaN,NaN,NaN,NaN,NaN,NaN,NaN,71.91162109375
6,2,1,2,2,2260007005,2019,201,2,1,2020,8,5,26161,0,26,1,NaN,NaN,NaN,NaN,NaN,NaN,NaN,NaN,322.00225830078125
7,2,1,2,3,2260007005,2019,301,3,1,2020,8,5,26161,0,26,1,NaN,NaN,NaN,NaN,NaN,NaN,NaN,NaN,1.8498666286468506
8,2,1,2,4,2260007005,2019,10001,100,1,2020,8,5,26161,0,26,1,NaN,NaN,NaN,NaN,NaN,NaN,NaN,NaN,11.799247741699219
9,3,1,3,1,2260007005,2018,101,1,1,2020,8,5,26161,0,26,1,NaN,NaN,NaN,NaN,NaN,NaN,NaN,NaN,0.000004274963430361822
10,3,1,3,2,2260007005,2018,201,2,1,2020,8,5,26161,0,26,1,NaN,NaN,NaN,NaN,NaN,NaN,NaN,NaN,0.00001914221684273798
11,3,1,3,3,2260007005,2018,301,3,1,2020,8,5,26161,0,26,1,NaN,NaN,NaN,NaN,NaN,NaN,NaN,NaN,0.00000010996987498401722
12,3,1,3,4,2260007005,2018,10001,100,1,2020,8,5,26161,0,26,1,NaN,NaN,NaN,NaN,NaN,NaN,NaN,NaN,0.0000007014353400336404
13,4,2,1,1,2265007010,2020,101,1,1,2020,8,5,26161,0,26,1,NaN,NaN,NaN,NaN,NaN,NaN,NaN,NaN,1.7840874195098877
14,4,2,1,2,2265007010,2020,201,2,1,2020,8,5,26161,0,26,1,NaN,NaN,NaN,NaN,NaN,NaN,NaN,NaN,136.7554931640625
15,4,2,1,3,2265007010,2020,301,3,1,2020,8,5,26161,0,26,1,NaN,NaN,NaN,NaN,NaN,NaN,NaN,NaN,0.8513941168785095
16,4,2,1,4,2265007010,2020,10001,100,1,2020,8,5,26161,0,26,1,NaN,NaN,NaN,NaN,NaN,NaN,NaN,NaN,0.04328478127717972
17,5,2,2,1,2265007010,2019,101,1,1,2020,8,5,26161,0,26,1,NaN,NaN,NaN,NaN,NaN,NaN,NaN,NaN,2.1533894538879395
18,5,2,2,2,2265007010,2019,201,2,1,2020,8,5,26161,0,26,1,NaN,NaN,NaN,NaN,NaN,NaN,NaN,NaN,154.03329467773438
19,5,2,2,3,2265007010,2019,301,3,1,2020,8,5,26161,0,26,1,NaN,NaN,NaN,NaN,NaN,NaN,NaN,NaN,0.9832372665405273
20,5,2,2,4,2265007010,2019,10001,100,1,2020,8,5,26161,0,26,1,NaN,NaN,NaN,NaN,NaN,NaN,NaN,NaN,0.053351812064647675
21,6,2,3,1,2265007010,2018,101,1,1,2020,8,5,26161,0,26,1,NaN,NaN,NaN,NaN,NaN,NaN,NaN,NaN,2.082789659500122
22,6,2,3,2,2265007010,2018,201,2,1,2020,8,5,26161,0,26,1,NaN,NaN,NaN,NaN,NaN,NaN,NaN,NaN,141.99192810058594
23,6,2,3,3,2265007010,2018,301,3,1,2020,8,5,26161,0,26,1,NaN,NaN,NaN,NaN,NaN,NaN,NaN,NaN,0.9228637218475342
24,6,2,3,4,2265007010,2018,10001,100,1,2020,8,5,26161,0,26,1,NaN,NaN,NaN,NaN,NaN,NaN,NaN,NaN,0.05230442434549332
25,7,2,4,1,2265007010,2017,101,1,1,2020,8,5,26161,0,26,1,NaN,NaN,NaN,NaN,NaN,NaN,NaN,NaN,2.1751906871795654
26,7,2,4,2,2265007010,2017,201,2,1,2020,8,5,26161,0,26,1,NaN,NaN,NaN,NaN,NaN,NaN,NaN,NaN,142.57061767578125
27,7,2,4,3,2265007010,2017,301,3,1,2020,8,5,26161,0,26,1,NaN,NaN,NaN,NaN,NaN,NaN,NaN,NaN,0.9407817125320435
28,7,2,4,4,2265007010,2017,10001,100,1,2020,8,5,26161,0,26,1,NaN,NaN,NaN,NaN,NaN,NaN,NaN,NaN,0.055199071764945984
29,8,2,5,1,2265007010,2016,101,1,1,2020,8,5,26161,0,26,1,NaN,NaN,NaN,NaN,NaN,NaN,NaN,NaN,3.3074722290039063
30,8,2,5,2,2265007010,2016,201,2,1,2020,8,5,26161,0,26,1,NaN,NaN,NaN,NaN,NaN,NaN,NaN,NaN,209.3996124267578
31,8,2,5,3,2265007010,2016,301,3,1,2020,8,5,26161,0,26,1,NaN,NaN,NaN,NaN,NaN,NaN,NaN,NaN,1.4007765054702759
32,8,2,5,4,2265007010,2016,10001,100,1,2020,8,5,26161,0,26,1,NaN,NaN,NaN,NaN,NaN,NaN,NaN,NaN,0.0846739113330841
33,9,2,6,1,2265007010,2015,101,1,1,2020,8,5,26161,0,26,1,NaN,NaN,NaN,NaN,NaN,NaN,NaN,NaN,6.006988048553467
34,9,2,6,2,2265007010,2015,201,2,1,2020,8,5,26161,0,26,1,NaN,NaN,NaN,NaN,NaN,NaN,NaN,NaN,369.2352294921875
35,9,2,6,3,2265007010,2015,301,3,1,2020,8,5,26161,0,26,1,NaN,NaN,NaN,NaN,NaN,NaN,NaN,NaN,2.499504327774048
36,9,2,6,4,2265007010,2015,10001,100,1,2020,8,5,26161,0,26,1,NaN,NaN,NaN,NaN,NaN,NaN,NaN,NaN,0.15489520132541656
37,10,2,7,1,2265007010,2014,101,1,1,2020,8,5,26161,0,26,1,NaN,NaN,NaN,NaN,NaN,NaN,NaN,NaN,3.870396852493286
38,10,2,7,2,2265007010,2014,201,2,1,2020,8,5,26161,0,26,1,NaN,NaN,NaN,NaN,NaN,NaN,NaN,NaN,225.0951385498047
39,10,2,7,3,2265007010,2014,301,3,1,2020,8,5,26161,0,26,1,NaN,NaN,NaN,NaN,NaN,NaN,NaN,NaN,1.6583271026611328
40,10,2,7,4,2265007010,2014,10001,100,1,2020,8,5,26161,0,26,1,NaN,NaN,NaN,NaN,NaN,NaN,NaN,NaN,0.09698503464460373
41,11,2,8,1,2265007010,2013,101,1,1,2020,8,5,26161,0,26,1,NaN,NaN,NaN,NaN,NaN,NaN,NaN,NaN,12.869661331176758
42,11,2,8,2,2265007010,2013,201,2,1,2020,8,5,26161,0,26,1,NaN,NaN,NaN,NaN,NaN,NaN,NaN,NaN,733.108642578125
43,11,2,8,3,2265007010,2013,301,3,1,2020,8,5,26161,0,26,1,NaN,NaN,NaN,NaN,NaN,NaN,NaN,NaN,5.4371724128723145
44,11,2,8,4,2265007010,2013,10001,100,1,2020,8,5,26161,0,26,1,NaN,NaN,NaN,NaN,NaN,NaN,NaN,NaN,0.3238344192504883
45,12,2,9,1,2265007010,2012,101,1,1,2020,8,5,26161,0,26,1,NaN,NaN,NaN,NaN,NaN,NaN,NaN,NaN,6.667637348175049
46,12,2,9,2,2265007010,2012,201,2,1,2020,8,5,26161,0,26,1,NaN,NaN,NaN,NaN,NaN,NaN,NaN,NaN,356.296630859375
47,12,2,9,3,2265007010,2012,301,3,1,2020,8,5,26161,0,26,1,NaN,NaN,NaN,NaN,NaN,NaN,NaN,NaN,2.9160044193267822
48,12,2,9,4,2265007010,2012,10001,100,1,2020,8,5,26161,0,26,1,NaN,NaN,NaN,NaN,NaN,NaN,NaN,NaN,0.16046161949634552
49,13,2,10,1,2265007010,2011,101,1,1,2020,8,5,26161,0,26,1,NaN,NaN,NaN,NaN,NaN,NaN,NaN,NaN,5.976820945739746
50,13,2,10,2,2265007010,2011,201,2,1,2020,8,5,26161,0,26,1,NaN,NaN,NaN,NaN,NaN,NaN,NaN,NaN,312.9928283691406
51,13,2,10,3,2265007010,2011,301,3,1,2020,8,5,26161,0,26,1,NaN,NaN,NaN,NaN,NaN,NaN,NaN,NaN,2.5732452869415283
52,13,2,10,4,2265007010,2011,10001,100,1,2020,8,5,26161,0,26,1,NaN,NaN,NaN,NaN,NaN,NaN,NaN,NaN,0.14429372549057007
53,14,2,16,1,2265007010,2005,101,1,1,2020,8,5,26161,0,26,1,NaN,NaN,NaN,NaN,NaN,NaN,NaN,NaN,2.061440944671631
54,14,2,16,2,2265007010,2005,201,2,1,2020,8,5,26161,0,26,1,NaN,NaN,NaN,NaN,NaN,NaN,NaN,NaN,75.99598693847656
55,14,2,16,3,2265007010,2005,301,3,1,2020,8,5,26161,0,26,1,NaN,NaN,NaN,NaN,NaN,NaN,NaN,NaN,1.0135806798934937
56,14,2,16,4,2265007010,2005,10001,100,1,2020,8,5,26161,0,26,1,NaN,NaN,NaN,NaN,NaN,NaN,NaN,NaN,0.03546004742383957
57,15,2,17,1,2265007010,2004,101,1,1,2020,8,5,26161,0,26,1,NaN,NaN,NaN,NaN,NaN,NaN,NaN,NaN,1.6609004735946655
58,15,2,17,2,2265007010,2004,201,2,1,2020,8,5,26161,0,26,1,NaN,NaN,NaN,NaN,NaN,NaN,NaN,NaN,61.979942321777344
59,15,2,17,3,2265007010,2004,301,3,1,2020,8,5,26161,0,26,1,NaN,NaN,NaN,NaN,NaN,NaN,NaN,NaN,0.7819428443908691
60,15,2,17,4,2265007010,2004,10001,100,1,2020,8,5,26161,0,26,1,NaN,NaN,NaN,NaN,NaN,NaN,NaN,NaN,0.02709060162305832
61,16,2,18,1,2265007010,2003,101,1,1,2020,8,5,26161,0,26,1,NaN,NaN,NaN,NaN,NaN,NaN,NaN,NaN,3.7827248573303223
62,16,2,18,2,2265007010,2003,201,2,1,2020,8,5,26161,0,26,1,NaN,NaN,NaN,NaN,NaN,NaN,NaN,NaN,142.76998901367188
63,16,2,18,3,2265007010,2003,301,3,1,2020,8,5,26161,0,26,1,NaN,NaN,NaN,NaN,NaN,NaN,NaN,NaN,1.7145929336547852
64,16,2,18,4,2265007010,2003,10001,100,1,2020,8,5,26161,0,26,1,NaN,NaN,NaN,NaN,NaN,NaN,NaN,NaN,0.05893625319004059
65,17,4,22,1,2265007010,1999,101,1,1,2020,8,5,26161,0,26,1,NaN,NaN,NaN,NaN,NaN,NaN,NaN,NaN,0.17012247443199158
66,17,4,22,2,2265007010,1999,201,2,1,2020,8,5,26161,0,26,1,NaN,NaN,NaN,NaN,NaN,NaN,NaN,NaN,7.03251314163208
67,17,4,22,3,2265007010,1999,301,3,1,2020,8,5,26161,0,26,1,NaN,NaN,NaN,NaN,NaN,NaN,NaN,NaN,0.07721073180437088
68,17,4,22,4,2265007010,1999,10001,100,1,2020,8,5,26161,0,26,1,NaN,NaN,NaN,NaN,NaN,NaN,NaN,NaN,0.002214862033724785
69,18,4,23,1,2265007010,1998,101,1,1,2020,8,5,26161,0,26,1,NaN,NaN,NaN,NaN,NaN,NaN,NaN,NaN,0.14765417575836182
70,18,4,23,2,2265007010,1998,201,2,1,2020,8,5,26161,0,26,1,NaN,NaN,NaN,NaN,NaN,NaN,NaN,NaN,6.0789079666137695
71,18,4,23,3,2265007010,1998,301,3,1,2020,8,5,26161,0,26,1,NaN,NaN,NaN,NaN,NaN,NaN,NaN,NaN,0.06601130962371826
72,18,4,23,4,2265007010,1998,10001,100,1,2020,8,5,26161,0,26,1,NaN,NaN,NaN,NaN,NaN,NaN,NaN,NaN,0.001922338968142867
73,19,4,24,1,2265007010,1997,101,1,1,2020,8,5,26161,0,26,1,NaN,NaN,NaN,NaN,NaN,NaN,NaN,NaN,0.12904149293899536
74,19,4,24,2,2265007010,1997,201,2,1,2020,8,5,26161,0,26,1,NaN,NaN,NaN,NaN,NaN,NaN,NaN,NaN,5.292023181915283
75,19,4,24,3,2265007010,1997,301,3,1,2020,8,5,26161,0,26,1,NaN,NaN,NaN,NaN,NaN,NaN,NaN,NaN,0.056858230382204056
76,19,4,24,4,2265007010,1997,10001,100,1,2020,8,5,26161,0,26,1,NaN,NaN,NaN,NaN,NaN,NaN,NaN,NaN,0.001680013258010149
77,20,4,25,1,2265007010,1996,101,1,1,2020,8,5,26161,0,26,1,NaN,NaN,NaN,NaN,NaN,NaN,NaN,NaN,0.12942302227020264
78,20,4,25,2,2265007010,1996,201,2,1,2020,8,5,26161,0,26,1,NaN,NaN,NaN,NaN,NaN,NaN,NaN,NaN,4.823294639587402
79,20,4,25,3,2265007010,1996,301,3,1,2020,8,5,26161,0,26,1,NaN,NaN,NaN,NaN,NaN,NaN,NaN,NaN,0.035587191581726074
80,20,4,25,4,2265007010,1996,10001,100,1,2020,8,5,26161,0,26,1,NaN,NaN,NaN,NaN,NaN,NaN,NaN,NaN,0.0014613340608775616
81,21,4,26,1,2265007010,1995,101,1,1,2020,8,5,26161,0,26,1,NaN,NaN,NaN,NaN,NaN,NaN,NaN,NaN,0.12718121707439423
82,21,4,26,2,2265007010,1995,201,2,1,2020,8,5,26161,0,26,1,NaN,NaN,NaN,NaN,NaN,NaN,NaN,NaN,4.465334415435791
83,21,4,26,3,2265007010,1995,301,3,1,2020,8,5,26161,0,26,1,NaN,NaN,NaN,NaN,NaN,NaN,NaN,NaN,0.019506338983774185
84,21,4,26,4,2265007010,1995,10001,100,1,2020,8,5,26161,0,26,1,NaN,NaN,NaN,NaN,NaN,NaN,NaN,NaN,0.0012174095027148724
85,22,4,27,1,2265007010,1994,101,1,1,2020,8,5,26161,0,26,1,NaN,NaN,NaN,NaN,NaN,NaN,NaN,NaN,0.11437991261482239
86,22,4,27,2,2265007010,1994,201,2,1,2020,8,5,26161,0,26,1,NaN,NaN,NaN,NaN,NaN,NaN,NaN,NaN,4.012627124786377
87,22,4,27,3,2265007010,1994,301,3,1,2020,8,5,26161,0,26,1,NaN,NaN,NaN,NaN,NaN,NaN,NaN,NaN,0.0173586867749691
88,22,4,27,4,2265007010,1994,10001,100,1,2020,8,5,26161,0,26,1,NaN,NaN,NaN,NaN,NaN,NaN,NaN,NaN,0.0010943413944914937
89,23,4,28,1,2265007010,1993,101,1,1,2020,8,5,26161,0,26,1,NaN,NaN,NaN,NaN,NaN,NaN,NaN,NaN,0.09793836623430252
90,23,4,28,2,2265007010,1993,201,2,1,2020,8,5,26161,0,26,1,NaN,NaN,NaN,NaN,NaN,NaN,NaN,NaN,3.4331271648406982
91,23,4,28,3,2265007010,1993,301,3,1,2020,8,5,26161,0,26,1,NaN,NaN,NaN,NaN,NaN,NaN,NaN,NaN,0.014711652882397175
92,23,4,28,4,2265007010,1993,10001,100,1,2020,8,5,26161,0,26,1,NaN,NaN,NaN,NaN,NaN,NaN,NaN,NaN,0.0009366275044158101
93,24,4,29,1,2265007010,1992,101,1,1,2020,8,5,26161,0,26,1,NaN,NaN,NaN,NaN,NaN,NaN,NaN,NaN,0.04590170085430145
94,24,4,29,2,2265007010,1992,201,2,1,2020,8,5,26161,0,26,1,NaN,NaN,NaN,NaN,NaN,NaN,NaN,NaN,1.6078031063079834
95,24,4,29,3,2265007010,1992,301,3,1,2020,8,5,26161,0,26,1,NaN,NaN,NaN,NaN,NaN,NaN,NaN,NaN,0.006826503202319145
96,24,4,29,4,2265007010,1992,10001,100,1,2020,8,5,26161,0,26,1,NaN,NaN,NaN,NaN,NaN,NaN,NaN,NaN,0.00043880718294531107
97,25,4,31,1,2265007010,1990,101,1,1,2020,8,5,26161,0,26,1,NaN,NaN,NaN,NaN,NaN,NaN,NaN,NaN,0.0369744598865509
98,25,4,31,2,2265007010,1990,201,2,1,2020,8,5,26161,0,26,1,NaN,NaN,NaN,NaN,NaN,NaN,NaN,NaN,1.2931991815567017
99,25,4,31,3,2265007010,1990,301,3,1,2020,8,5,26161,0,26,1,NaN,NaN,NaN,NaN,NaN,NaN,NaN,NaN,0.0053941719233989716
100,25,4,31,4,2265007010,1990,10001,100,1,2020,8,5,26161,0,26,1,NaN,NaN,NaN,NaN,NaN,NaN,NaN,NaN,0.00035323420888744295
101,26,4,32,1,2265007010,1989,101,1,1,2020,8,5,26161,0,26,1,NaN,NaN,NaN,NaN,NaN,NaN,NaN,NaN,0.03022150509059429
102,26,4,32,2,2265007010,1989,201,2,1,2020,8,5,26161,0,26,1,NaN,NaN,NaN,NaN,NaN,NaN,NaN,NaN,1.0562607049942017
103,26,4,32,3,2265007010,1989,301,3,1,2020,8,5,26161,0,26,1,NaN,NaN,NaN,NaN,NaN,NaN,NaN,NaN,0.004368370398879051
104,26,4,32,4,2265007010,1989,10001,100,1,2020,8,5,26161,0,26,1,NaN,NaN,NaN,NaN,NaN,NaN,NaN,NaN,0.0002886420115828514
105,27,4,33,1,2265007010,1988,101,1,1,2020,8,5,26161,0,26,1,NaN,NaN,NaN,NaN,NaN,NaN,NaN,NaN,0.022032808512449265
106,27,4,33,2,2265007010,1988,201,2,1,2020,8,5,26161,0,26,1,NaN,NaN,NaN,NaN,NaN,NaN,NaN,NaN,0.7695267796516418
107,27,4,33,3,2265007010,1988,301,3,1,2020,8,5,26161,0,26,1,NaN,NaN,NaN,NaN,NaN,NaN,NaN,NaN,0.003156087826937437
108,27,4,33,4,2265007010,1988,10001,100,1,2020,8,5,26161,0,26,1,NaN,NaN,NaN,NaN,NaN,NaN,NaN,NaN,0.00021038301929365844
109,28,4,34,1,2265007010,1987,101,1,1,2020,8,5,26161,0,26,1,NaN,NaN,NaN,NaN,NaN,NaN,NaN,NaN,0.016595102846622467
110,28,4,34,2,2265007010,1987,201,2,1,2020,8,5,26161,0,26,1,NaN,NaN,NaN,NaN,NaN,NaN,NaN,NaN,0.5792142748832703
111,28,4,34,3,2265007010,1987,301,3,1,2020,8,5,26161,0,26,1,NaN,NaN,NaN,NaN,NaN,NaN,NaN,NaN,0.002356271492317319
112,28,4,34,4,2265007010,1987,10001,100,1,2020,8,5,26161,0,26,1,NaN,NaN,NaN,NaN,NaN,NaN,NaN,NaN,0.00015842796710785478
113,29,4,35,1,2265007010,1986,101,1,1,2020,8,5,26161,0,26,1,NaN,NaN,NaN,NaN,NaN,NaN,NaN,NaN,0.011770540848374367
114,29,4,35,2,2265007010,1986,201,2,1,2020,8,5,26161,0,26,1,NaN,NaN,NaN,NaN,NaN,NaN,NaN,NaN,0.41055169701576233
115,29,4,35,3,2265007010,1986,301,3,1,2020,8,5,26161,0,26,1,NaN,NaN,NaN,NaN,NaN,NaN,NaN,NaN,0.0016568913124501705
116,29,4,35,4,2265007010,1986,10001,100,1,2020,8,5,26161,0,26,1,NaN,NaN,NaN,NaN,NaN,NaN,NaN,NaN,0.00011234983685426414
117,30,4,36,1,2265007010,1985,101,1,1,2020,8,5,26161,0,26,1,NaN,NaN,NaN,NaN,NaN,NaN,NaN,NaN,0.0075793578289449215
118,30,4,36,2,2265007010,1985,201,2,1,2020,8,5,26161,0,26,1,NaN,NaN,NaN,NaN,NaN,NaN,NaN,NaN,0.26419347524642944
119,30,4,36,3,2265007010,1985,301,3,1,2020,8,5,26161,0,26,1,NaN,NaN,NaN,NaN,NaN,NaN,NaN,NaN,0.0010579475201666355
120,30,4,36,4,2265007010,1985,10001,100,1,2020,8,5,26161,0,26,1,NaN,NaN,NaN,NaN,NaN,NaN,NaN,NaN,0.00007233435462694615
121,31,4,37,1,2265007010,1984,101,1,1,2020,8,5,26161,0,26,1,NaN,NaN,NaN,NaN,NaN,NaN,NaN,NaN,0.0040411995723843575
122,31,4,37,2,2265007010,1984,201,2,1,2020,8,5,26161,0,26,1,NaN,NaN,NaN,NaN,NaN,NaN,NaN,NaN,0.14077453315258026
123,31,4,37,3,2265007010,1984,301,3,1,2020,8,5,26161,0,26,1,NaN,NaN,NaN,NaN,NaN,NaN,NaN,NaN,0.0005594408139586449
124,31,4,37,4,2265007010,1984,10001,100,1,2020,8,5,26161,0,26,1,NaN,NaN,NaN,NaN,NaN,NaN,NaN,NaN,0.00003856293187709525
125,32,4,38,1,2265007010,1983,101,1,1,2020,8,5,26161,0,26,1,NaN,NaN,NaN,NaN,NaN,NaN,NaN,NaN,0.001170435338281095
126,32,4,38,2,2265007010,1983,201,2,1,2020,8,5,26161,0,26,1,NaN,NaN,NaN,NaN,NaN,NaN,NaN,NaN,0.04075918346643448
127,32,4,38,3,2265007010,1983,301,3,1,2020,8,5,26161,0,26,1,NaN,NaN,NaN,NaN,NaN,NaN,NaN,NaN,0.0001613710046513006
128,32,4,38,4,2265007010,1983,10001,100,1,2020,8,5,26161,0,26,1,NaN,NaN,NaN,NaN,NaN,NaN,NaN,NaN,0.000011168245691806078
129,33,5,1,1,2265007015,2020,101,1,1,2020,8,5,26161,0,26,1,NaN,NaN,NaN,NaN,NaN,NaN,NaN,NaN,0.48004376888275146
130,33,5,1,2,2265007015,2020,201,2,1,2020,8,5,26161,0,26,1,NaN,NaN,NaN,NaN,NaN,NaN,NaN,NaN,18.224609375
131,33,5,1,3,2265007015,2020,301,3,1,2020,8,5,26161,0,26,1,NaN,NaN,NaN,NaN,NaN,NaN,NaN,NaN,0.17902368307113647
132,33,5,1,4,2265007015,2020,10001,100,1,2020,8,5,26161,0,26,1,NaN,NaN,NaN,NaN,NaN,NaN,NaN,NaN,0.02388155087828636
133,34,5,2,1,2265007015,2019,101,1,1,2020,8,5,26161,0,26,1,NaN,NaN,NaN,NaN,NaN,NaN,NaN,NaN,0.1973395049571991
134,34,5,2,2,2265007015,2019,201,2,1,2020,8,5,26161,0,26,1,NaN,NaN,NaN,NaN,NaN,NaN,NaN,NaN,8.47601318359375
135,34,5,2,3,2265007015,2019,301,3,1,2020,8,5,26161,0,26,1,NaN,NaN,NaN,NaN,NaN,NaN,NaN,NaN,0.07242940366268158
136,34,5,2,4,2265007015,2019,10001,100,1,2020,8,5,26161,0,26,1,NaN,NaN,NaN,NaN,NaN,NaN,NaN,NaN,0.008017370477318764
137,35,6,3,1,2265007015,2018,101,1,1,2020,8,5,26161,0,26,1,NaN,NaN,NaN,NaN,NaN,NaN,NaN,NaN,0.026792582124471664
138,35,6,3,2,2265007015,2018,201,2,1,2020,8,5,26161,0,26,1,NaN,NaN,NaN,NaN,NaN,NaN,NaN,NaN,1.33429753780365
139,35,6,3,3,2265007015,2018,301,3,1,2020,8,5,26161,0,26,1,NaN,NaN,NaN,NaN,NaN,NaN,NaN,NaN,0.00989034678786993
140,35,6,3,4,2265007015,2018,10001,100,1,2020,8,5,26161,0,26,1,NaN,NaN,NaN,NaN,NaN,NaN,NaN,NaN,0.0007222448475658894
141,36,6,4,1,2265007015,2017,101,1,1,2020,8,5,26161,0,26,1,NaN,NaN,NaN,NaN,NaN,NaN,NaN,NaN,0.004543985705822706
142,36,6,4,2,2265007015,2017,201,2,1,2020,8,5,26161,0,26,1,NaN,NaN,NaN,NaN,NaN,NaN,NaN,NaN,0.22225771844387054
143,36,6,4,3,2265007015,2017,301,3,1,2020,8,5,26161,0,26,1,NaN,NaN,NaN,NaN,NaN,NaN,NaN,NaN,0.0016611403552815318
144,36,6,4,4,2265007015,2017,10001,100,1,2020,8,5,26161,0,26,1,NaN,NaN,NaN,NaN,NaN,NaN,NaN,NaN,0.00012289702135603875
