i1,out_dayID,out_SHO,out_activity,out_yearID,out_monthID,out_hourID,out_stateID,out_countyID,out_sourceTypeID,out_roadTypeID,out_SCC,out_zoneID,out_linkID,out_regClassID,out_fuelSubTypeID,out_engTechID,out_sectorID,out_hpID,out_modelYearID,out_fuelTypeID,out_pollutantID,out_processID,out_meanBaseRate,out_adjustedMeanBaseRate,out_emissionQuantDirect,out_emissionQuant
1,5,260.05730384453915,52.01146076890783,2020,8,7,26,26161,21,4,2201210401,NaN,NaN,NaN,NaN,NaN,NaN,NaN,2020,1,3,1,0.771623548490833,0.7312881021804019,38.035362437325034,38.035362437325034
2,5,310.4463445557139,62.08926891114278,2020,8,7,26,26161,21,4,2201210401,NaN,NaN,NaN,NaN,NaN,NaN,NaN,2019,1,3,1,0.9051441190260986,0.8578290881569837,53.261980934379366,53.261980934379366
3,5,327.8141613006279,65.56283226012559,2020,8,7,26,26161,21,4,2201210401,NaN,NaN,NaN,NaN,NaN,NaN,NaN,2018,1,3,1,1.0329078351973393,0.9789141505674295,64.1803842507157,64.1803842507157
4,5,368.3242419642923,73.66484839285846,2020,8,7,26,26161,21,4,2201210401,NaN,NaN,NaN,NaN,NaN,NaN,NaN,2017,1,3,1,1.1829448659303934,1.1211082239289183,82.58626734771057,82.58626734771057
5,5,367.29985169622574,73.45997033924515,2020,8,7,26,26161,21,4,2201210401,NaN,NaN,NaN,NaN,NaN,NaN,NaN,2016,1,3,1,3.0320209141999515,1.5519054191946065,114.00292606334959,114.00292606334959
6,5,392.56334931271454,78.51266986254291,2020,8,7,26,26161,21,4,2201210401,NaN,NaN,NaN,NaN,NaN,NaN,NaN,2015,1,3,1,3.0035723864710917,1.53734436384576,120.7010105036632,120.7010105036632
7,5,364.0998652152451,72.81997304304902,2020,8,7,26,26161,21,4,2201210401,NaN,NaN,NaN,NaN,NaN,NaN,NaN,2014,1,3,1,3.2643440307084886,1.670817363972175,121.668875404312,121.668875404312
8,5,370.3959424661204,74.07918849322408,2020,8,7,26,26161,21,4,2201210401,NaN,NaN,NaN,NaN,NaN,NaN,NaN,2013,1,3,1,3.2603147972907642,1.668755046675193,123.62001965167057,123.62001965167057
9,5,316.43263381169584,63.286526762339165,2020,8,7,26,26161,21,4,2201210401,NaN,NaN,NaN,NaN,NaN,NaN,NaN,2012,1,3,1,3.5305680271893247,1.807081088580181,114.36388567414662,114.36388567414662
10,5,231.92053549096389,46.38410709819278,2020,8,7,26,26161,21,4,2201210401,NaN,NaN,NaN,NaN,NaN,NaN,NaN,2011,1,3,1,3.532681966764344,1.8081630845080312,83.87003016281912,83.87003016281912
11,5,230.10402906651655,46.02080581330331,2020,8,7,26,26161,21,4,2201210401,NaN,NaN,NaN,NaN,NaN,NaN,NaN,2010,1,3,1,4.1933347886461,2.1463107172248193,98.77494873241517,98.77494873241517
12,5,205.50535743034038,41.10107148606808,2020,8,7,26,26161,21,4,2201210401,NaN,NaN,NaN,NaN,NaN,NaN,NaN,2009,1,3,1,5.119130997832349,2.620168977033385,107.69175243062702,107.69175243062702
13,5,253.9388285109485,50.7877657021897,2020,8,7,26,26161,21,4,2201210401,NaN,NaN,NaN,NaN,NaN,NaN,NaN,2008,1,3,1,5.4180830118664955,2.773184165182624,140.84382763031766,140.84382763031766
14,5,268.1829985315532,53.63659970631064,2020,8,7,26,26161,21,4,2201210401,NaN,NaN,NaN,NaN,NaN,NaN,NaN,2007,1,3,1,5.613471517195119,2.87319154931633,154.1082250102345,154.1082250102345
15,5,229.81669167512396,45.963338335024794,2020,8,7,26,26161,21,4,2201210401,NaN,NaN,NaN,NaN,NaN,NaN,NaN,2006,1,3,1,7.345493885324592,3.759707498687893,172.80870780292142,172.80870780292142
16,5,203.39262514967626,40.67852502993525,2020,8,7,26,26161,21,4,2201210401,NaN,NaN,NaN,NaN,NaN,NaN,NaN,2005,1,3,1,9.45193169996335,4.837863735811642,196.79716106862995,196.79716106862995
17,5,164.72170300101715,32.94434060020343,2020,8,7,26,26161,21,4,2201210401,NaN,NaN,NaN,NaN,NaN,NaN,NaN,2004,1,3,1,12.878177728212371,6.5915487957765695,217.1542286109241,217.1542286109241
18,5,148.74713474802425,29.74942694960485,2020,8,7,26,26161,21,4,2201210401,NaN,NaN,NaN,NaN,NaN,NaN,NaN,2003,1,3,1,18.26637113134458,9.349434304688353,278.14031286745575,278.14031286745575
19,5,118.52562992373574,23.70512598474715,2020,8,7,26,26161,21,4,2201210401,NaN,NaN,NaN,NaN,NaN,NaN,NaN,2002,1,3,1,21.935342502766964,11.227355570835915,266.1458782822181,266.1458782822181
20,5,94.5116320580201,18.90232641160402,2020,8,7,26,26161,21,4,2201210401,NaN,NaN,NaN,NaN,NaN,NaN,NaN,2001,1,3,1,22.00153954930486,11.26123777619133,212.86359224425428,212.86359224425428
21,5,83.62548218400153,16.725096436800307,2020,8,7,26,26161,21,4,2201210401,NaN,NaN,NaN,NaN,NaN,NaN,NaN,2000,1,3,1,42.04763109746299,41.49182427267956,693.9547622993374,693.9547622993374
22,5,60.874080684058114,12.174816136811623,2020,8,7,26,26161,21,4,2201210401,NaN,NaN,NaN,NaN,NaN,NaN,NaN,1999,1,3,1,57.90284384062456,57.1374548058323,695.6380067863919,695.6380067863919
23,5,46.82985881634186,9.365971763268373,2020,8,7,26,26161,21,4,2201210401,NaN,NaN,NaN,NaN,NaN,NaN,NaN,1998,1,3,1,65.68003868025707,64.81184675605782,607.0259266425144,607.0259266425144
24,5,36.74778034358123,7.349556068716247,2020,8,7,26,26161,21,4,2201210401,NaN,NaN,NaN,NaN,NaN,NaN,NaN,1997,1,3,1,83.07082102770025,81.97274895889481,602.4633145801987,602.4633145801987
25,5,26.865139913300695,5.373027982660139,2020,8,7,26,26161,21,4,2201210401,NaN,NaN,NaN,NaN,NaN,NaN,NaN,1996,1,3,1,84.27041150333773,83.15648264174986,446.8021081737141,446.8021081737141
26,5,25.04660490806586,5.009320981613172,2020,8,7,26,26161,21,4,2201210401,NaN,NaN,NaN,NaN,NaN,NaN,NaN,1995,1,3,1,97.45728731637983,96.16904767001859,481.7416282751814,481.7416282751814
27,5,18.41216437802274,3.6824328756045484,2020,8,7,26,26161,21,4,2201210401,NaN,NaN,NaN,NaN,NaN,NaN,NaN,1994,1,3,1,113.19981556009054,111.70348322434761,411.3405789448788,411.3405789448788
28,5,15.146433442304176,3.029286688460835,2020,8,7,26,26161,21,4,2201210401,NaN,NaN,NaN,NaN,NaN,NaN,NaN,1993,1,3,1,163.5619639803711,160.81324143120352,487.14941159578325,487.14941159578325
29,5,12.785088718582324,2.557017743716465,2020,8,7,26,26161,21,4,2201210401,NaN,NaN,NaN,NaN,NaN,NaN,NaN,1992,1,3,1,163.48445180559742,160.73703187873545,411.00744258624565,411.00744258624565
30,5,12.603265015943999,2.5206530031887997,2020,8,7,26,26161,21,4,2201210401,NaN,NaN,NaN,NaN,NaN,NaN,NaN,1991,1,3,1,163.21307362817086,160.47021431734393,404.4897276413633,404.4897276413633
31,5,10.501237834887378,2.1002475669774756,2020,8,7,26,26161,21,4,2201210401,NaN,NaN,NaN,NaN,NaN,NaN,NaN,1990,1,3,1,163.50102565186808,160.75332719506028,337.62178432495944,337.62178432495944
32,5,10.217773915995503,2.0435547831991006,2020,8,7,26,26161,21,4,2201210401,NaN,NaN,NaN,NaN,NaN,NaN,NaN,1989,1,3,1,122.16931985875901,120.116216825877,245.46406943430122,245.46406943430122
33,5,9.15454189972411,1.830908379944822,2020,8,7,26,26161,21,4,2201210401,NaN,NaN,NaN,NaN,NaN,NaN,NaN,1988,1,3,1,122.24888149424095,120.19444139706737,220.06500997667746,220.06500997667746
34,5,9.00619255308734,1.801238510617468,2020,8,7,26,26161,21,4,2201210401,NaN,NaN,NaN,NaN,NaN,NaN,NaN,1987,1,3,1,120.71952384615243,118.6907852002866,213.79041315818205,213.79041315818205
35,5,7.780739775004618,1.5561479550009236,2020,8,7,26,26161,21,4,2201210401,NaN,NaN,NaN,NaN,NaN,NaN,NaN,1986,1,3,1,121.19453836607266,119.1578169160737,185.42719311632254,185.42719311632254
36,5,5.992761098455286,1.1985522196910572,2020,8,7,26,26161,21,4,2201210401,NaN,NaN,NaN,NaN,NaN,NaN,NaN,1985,1,3,1,132.2319130203415,130.00970418771706,155.82341953556602,155.82341953556602
37,5,4.779871405562617,0.9559742811125235,2020,8,7,26,26161,21,4,2201210401,NaN,NaN,NaN,NaN,NaN,NaN,NaN,1984,1,3,1,130.7806501696144,128.58283037479245,122.92187883095576,122.92187883095576
38,5,3.5629958872973577,0.7125991774594715,2020,8,7,26,26161,21,4,2201210401,NaN,NaN,NaN,NaN,NaN,NaN,NaN,1983,1,3,1,126.26968894568589,124.14767761227444,88.46753295001041,88.46753295001041
39,5,2.6061493961116446,0.5212298792223289,2020,8,7,26,26161,21,4,2201210401,NaN,NaN,NaN,NaN,NaN,NaN,NaN,1982,1,3,1,102.97876685066961,101.24816854016096,52.7735706596701,52.7735706596701
40,5,1.8323500164585729,0.3664700032917146,2020,8,7,26,26161,21,4,2201210401,NaN,NaN,NaN,NaN,NaN,NaN,NaN,1981,1,3,1,106.47412884890672,104.68478961778152,38.36383519582084,38.36383519582084
41,5,23.19180710506584,4.638361421013168,2020,8,7,26,26161,21,4,2201210401,NaN,NaN,NaN,NaN,NaN,NaN,NaN,1980,1,3,1,111.39047794684446,109.51851755309552,507.98646670483174,507.98646670483174
42,5,310.4463445557139,62.08926891114278,2020,8,7,26,26161,21,4,2202210401,NaN,NaN,NaN,NaN,NaN,NaN,NaN,2019,2,3,1,0.00007360316429416876,0.00007430595590047753,0.0046136024776042665,0.0046136024776042665
43,5,327.8141613006279,65.56283226012559,2020,8,7,26,26161,21,4,2202210401,NaN,NaN,NaN,NaN,NaN,NaN,NaN,2018,2,3,1,0.0009338439541037521,0.0009427606589606697,0.06181005894488385,0.06181005894488385
44,5,368.3242419642923,73.66484839285846,2020,8,7,26,26161,21,4,2202210401,NaN,NaN,NaN,NaN,NaN,NaN,NaN,2017,2,3,1,0.0011117810548374354,0.001122396772257818,0.08268118806500584,0.08268118806500584
45,5,367.29985169622574,73.45997033924515,2020,8,7,26,26161,21,4,2202210401,NaN,NaN,NaN,NaN,NaN,NaN,NaN,2016,2,3,1,0.0026747100131495347,0.0027002491834362727,0.1983602249237995,0.1983602249237995
46,5,392.56334931271454,78.51266986254291,2020,8,7,26,26161,21,4,2202210401,NaN,NaN,NaN,NaN,NaN,NaN,NaN,2015,2,3,1,0.03134406389415734,0.03164334919287601,2.4844038285254375,2.4844038285254375
47,5,364.0998652152451,72.81997304304902,2020,8,7,26,26161,21,4,2202210401,NaN,NaN,NaN,NaN,NaN,NaN,NaN,2014,2,3,1,0.04439771084521773,0.04482163743615392,3.2639104298460455,3.2639104298460455
48,5,370.3959424661204,74.07918849322408,2020,8,7,26,26161,21,4,2202210401,NaN,NaN,NaN,NaN,NaN,NaN,NaN,2013,2,3,1,0.04478513197431645,0.045212757812700066,3.349324408305498,3.349324408305498
49,5,316.43263381169584,63.286526762339165,2020,8,7,26,26161,21,4,2202210401,NaN,NaN,NaN,NaN,NaN,NaN,NaN,2012,2,3,1,0.045112069653310535,0.045542817219663134,2.882246720804532,2.882246720804532
50,5,231.92053549096389,46.38410709819278,2020,8,7,26,26161,21,4,2202210401,NaN,NaN,NaN,NaN,NaN,NaN,NaN,2011,2,3,1,0.04213609093940472,0.04253842270487779,1.9731067545312466,1.9731067545312466
51,5,230.10402906651655,46.02080581330331,2020,8,7,26,26161,21,4,2202210401,NaN,NaN,NaN,NaN,NaN,NaN,NaN,2010,2,3,1,0.04501592843894927,0.04544575801163785,2.091450404491959,2.091450404491959
52,5,205.50535743034038,41.10107148606808,2020,8,7,26,26161,21,4,2202210401,NaN,NaN,NaN,NaN,NaN,NaN,NaN,2009,2,3,1,0.04024854393483318,0.040632852668225396,1.670053782199604,1.670053782199604
53,5,253.9388285109485,50.7877657021897,2020,8,7,26,26161,21,4,2202210401,NaN,NaN,NaN,NaN,NaN,NaN,NaN,2008,2,3,1,0.0037489348468905206,0.0037847311332086333,0.192218038039183,0.192218038039183
54,5,268.1829985315532,53.63659970631064,2020,8,7,26,26161,21,4,2202210401,NaN,NaN,NaN,NaN,NaN,NaN,NaN,2007,2,3,1,0.002634033699942904,0.0026591844769890617,0.14262961333749732,0.14262961333749732
55,5,229.81669167512396,45.963338335024794,2020,8,7,26,26161,21,4,2202210401,NaN,NaN,NaN,NaN,NaN,NaN,NaN,2006,2,3,1,0.05140974377271834,0.052100441380422365,2.3947102145724792,2.3947102145724792
56,5,203.39262514967626,40.67852502993525,2020,8,7,26,26161,21,4,2202210401,NaN,NaN,NaN,NaN,NaN,NaN,NaN,2005,2,3,1,0.046642385560811385,0.047269032996886666,1.9228345419046895,1.9228345419046895
57,5,164.72170300101715,32.94434060020343,2020,8,7,26,26161,21,4,2202210401,NaN,NaN,NaN,NaN,NaN,NaN,NaN,2004,2,3,1,0.04368645833421124,0.044273392445260316,1.4585577202431295,1.4585577202431295
58,5,148.74713474802425,29.74942694960485,2020,8,7,26,26161,21,4,2202210401,NaN,NaN,NaN,NaN,NaN,NaN,NaN,2003,2,3,1,0.0762951091249682,0.07732014534349334,2.3002300156290847,2.3002300156290847
59,5,118.52562992373574,23.70512598474715,2020,8,7,26,26161,21,4,2202210401,NaN,NaN,NaN,NaN,NaN,NaN,NaN,2002,2,3,1,0.1023546002191386,0.10372974960368732,2.4589267827216834,2.4589267827216834
60,5,94.5116320580201,18.90232641160402,2020,8,7,26,26161,21,4,2202210401,NaN,NaN,NaN,NaN,NaN,NaN,NaN,2001,2,3,1,0.07403434233050328,0.07502900480852862,1.4182227392286153,1.4182227392286153
61,5,83.62548218400153,16.725096436800307,2020,8,7,26,26161,21,4,2202210401,NaN,NaN,NaN,NaN,NaN,NaN,NaN,2000,2,3,1,0.13038852034240983,0.13214030964271678,2.210059421963092,2.210059421963092
62,5,60.874080684058114,12.174816136811623,2020,8,7,26,26161,21,4,2202210401,NaN,NaN,NaN,NaN,NaN,NaN,NaN,1999,2,3,1,0.10901793410351858,0.1104826063768337,1.3451054189536817,1.3451054189536817
63,5,46.82985881634186,9.365971763268373,2020,8,7,26,26161,21,4,2202210401,NaN,NaN,NaN,NaN,NaN,NaN,NaN,1998,2,3,1,0.14532698501225866,0.14727947482287843,1.3794154025000747,1.3794154025000747
64,5,36.74778034358123,7.349556068716247,2020,8,7,26,26161,21,4,2202210401,NaN,NaN,NaN,NaN,NaN,NaN,NaN,1997,2,3,1,0.07544586231290985,0.07645948877331535,0.5619432997248616,0.5619432997248616
65,5,26.865139913300695,5.373027982660139,2020,8,7,26,26161,21,4,2202210401,NaN,NaN,NaN,NaN,NaN,NaN,NaN,1996,2,3,1,0.10489737632406312,0.10630668828643683,0.5711888109069538,0.5711888109069538
66,5,25.04660490806586,5.009320981613172,2020,8,7,26,26161,21,4,2202210401,NaN,NaN,NaN,NaN,NaN,NaN,NaN,1995,2,3,1,0.09195384942810755,0.09318926316796117,0.46681493124833945,0.46681493124833945
67,5,18.41216437802274,3.6824328756045484,2020,8,7,26,26161,21,4,2202210401,NaN,NaN,NaN,NaN,NaN,NaN,NaN,1994,2,3,1,0.01699442230491978,0.017222744913999753,0.06342160207946372,0.06342160207946372
68,5,15.146433442304176,3.029286688460835,2020,8,7,26,26161,21,4,2202210401,NaN,NaN,NaN,NaN,NaN,NaN,NaN,1993,2,3,1,0.113218019213761,0.1147391202596182,0.3475776896481683,0.3475776896481683
69,5,12.785088718582324,2.557017743716465,2020,8,7,26,26161,21,4,2202210401,NaN,NaN,NaN,NaN,NaN,NaN,NaN,1992,2,3,1,0.19073019398745958,0.1932926827111239,0.4942528194229006,0.4942528194229006
70,5,12.603265015943999,2.5206530031887997,2020,8,7,26,26161,21,4,2202210401,NaN,NaN,NaN,NaN,NaN,NaN,NaN,1991,2,3,1,0.4621083714140686,0.468316866598304,1.1804643162349835,1.1804643162349835
71,5,10.501237834887378,2.1002475669774756,2020,8,7,26,26161,21,4,2202210401,NaN,NaN,NaN,NaN,NaN,NaN,NaN,1990,2,3,1,0.17415634771674868,0.17649616433334622,0.3706856397219671,0.3706856397219671
72,5,10.217773915995503,2.0435547831991006,2020,8,7,26,26161,21,4,2202210401,NaN,NaN,NaN,NaN,NaN,NaN,NaN,1989,2,3,1,0.11135350545896236,0.1128495564832582,0.23061425093325935,0.23061425093325935
73,5,9.15454189972411,1.830908379944822,2020,8,7,26,26161,21,4,2202210401,NaN,NaN,NaN,NaN,NaN,NaN,NaN,1988,2,3,1,0.03179186997710763,0.032218998512015415,0.05899003436907878,0.05899003436907878
74,5,9.00619255308734,1.801238510617468,2020,8,7,26,26161,21,4,2202210401,NaN,NaN,NaN,NaN,NaN,NaN,NaN,1987,2,3,1,1.5611495180655268,1.5821237956686833,2.8497823093227144,2.8497823093227144
75,5,7.780739775004618,1.5561479550009236,2020,8,7,26,26161,21,4,2202210401,NaN,NaN,NaN,NaN,NaN,NaN,NaN,1986,2,3,1,1.0861349981453727,1.1007273845260404,1.712894668443713,1.712894668443713
76,5,5.992761098455286,1.1985522196910572,2020,8,7,26,26161,21,4,2202210401,NaN,NaN,NaN,NaN,NaN,NaN,NaN,1985,2,3,1,4.618579060646373,4.680630362093885,5.609979910040983,5.609979910040983
77,5,4.779871405562617,0.9559742811125235,2020,8,7,26,26161,21,4,2202210401,NaN,NaN,NaN,NaN,NaN,NaN,NaN,1984,2,3,1,6.069841911373591,6.151391146589818,5.880571729203143,5.880571729203143
78,5,3.5629958872973577,0.7125991774594715,2020,8,7,26,26161,21,4,2202210401,NaN,NaN,NaN,NaN,NaN,NaN,NaN,1983,2,3,1,10.580803135302032,10.722957810210538,7.641170915488646,7.641170915488646
79,5,2.6061493961116446,0.5212298792223289,2020,8,7,26,26161,21,4,2202210401,NaN,NaN,NaN,NaN,NaN,NaN,NaN,1982,2,3,1,12.303095193725532,12.468389120402728,6.498896955324513,6.498896955324513
80,5,1.8323500164585729,0.3664700032917146,2020,8,7,26,26161,21,4,2202210401,NaN,NaN,NaN,NaN,NaN,NaN,NaN,1981,2,3,1,8.807733195488401,8.926066410186262,3.2711355867230227,3.2711355867230227
81,5,23.19180710506584,4.638361421013168,2020,8,7,26,26161,21,4,2202210401,NaN,NaN,NaN,NaN,NaN,NaN,NaN,1980,2,3,1,5.453176727699956,5.526440973809822,25.63363060842592,25.63363060842592
82,5,260.05730384453915,52.01146076890783,2020,8,7,26,26161,21,4,2205210401,NaN,NaN,NaN,NaN,NaN,NaN,NaN,2020,5,3,1,0.00025731685211552934,0.00024386600539944006,0.012683827172703242,0.012683827172703242
83,5,310.4463445557139,62.08926891114278,2020,8,7,26,26161,21,4,2205210401,NaN,NaN,NaN,NaN,NaN,NaN,NaN,2019,5,3,1,0.00047541063410302953,0.0004505592669502571,0.02797489548608188,0.02797489548608188
84,5,327.8141613006279,65.56283226012559,2020,8,7,26,26161,21,4,2205210401,NaN,NaN,NaN,NaN,NaN,NaN,NaN,2018,5,3,1,0.00045870868344852493,0.00043473038533987625,0.028502155332418067,0.028502155332418067
85,5,368.3242419642923,73.66484839285846,2020,8,7,26,26161,21,4,2205210401,NaN,NaN,NaN,NaN,NaN,NaN,NaN,2017,5,3,1,0.00033662003917613845,0.00031902373908426063,0.023500835373364892,0.023500835373364892
86,5,367.29985169622574,73.45997033924515,2020,8,7,26,26161,21,4,2205210401,NaN,NaN,NaN,NaN,NaN,NaN,NaN,2016,5,3,1,0.0016692092649911352,0.0008543657769567604,0.06276168463410975,0.06276168463410975
87,5,392.56334931271454,78.51266986254291,2020,8,7,26,26161,21,4,2205210401,NaN,NaN,NaN,NaN,NaN,NaN,NaN,2015,5,3,1,0.0017444039202739697,0.0008928533060108576,0.07010029685051046,0.07010029685051046
88,5,364.0998652152451,72.81997304304902,2020,8,7,26,26161,21,4,2205210401,NaN,NaN,NaN,NaN,NaN,NaN,NaN,2014,5,3,1,0.002437397917917178,0.001247554401697596,0.0908468779013561,0.0908468779013561
89,5,370.3959424661204,74.07918849322408,2020,8,7,26,26161,21,4,2205210401,NaN,NaN,NaN,NaN,NaN,NaN,NaN,2013,5,3,1,0.002733998438747785,0.001399366004796125,0.10366389804030206,0.10366389804030206
90,5,316.43263381169584,63.286526762339165,2020,8,7,26,26161,21,4,2205210401,NaN,NaN,NaN,NaN,NaN,NaN,NaN,2012,5,3,1,0.0030524515285042875,0.001562362596751622,0.09887650229179923,0.09887650229179923
91,5,231.92053549096389,46.38410709819278,2020,8,7,26,26161,21,4,2205210401,NaN,NaN,NaN,NaN,NaN,NaN,NaN,2011,5,3,1,0.005447736233264542,0.0027883618292840434,0.1293356737180238,0.1293356737180238
92,5,230.10402906651655,46.02080581330331,2020,8,7,26,26161,21,4,2205210401,NaN,NaN,NaN,NaN,NaN,NaN,NaN,2010,5,3,1,0.0040691216873457985,0.0020827336541049332,0.09584908105639477,0.09584908105639477
93,5,205.50535743034038,41.10107148606808,2020,8,7,26,26161,21,4,2205210401,NaN,NaN,NaN,NaN,NaN,NaN,NaN,2009,5,3,1,0.004202720511858839,0.002151114692899491,0.08841311876759335,0.08841311876759335
94,5,253.9388285109485,50.7877657021897,2020,8,7,26,26161,21,4,2205210401,NaN,NaN,NaN,NaN,NaN,NaN,NaN,2008,5,3,1,0.004990380513215288,0.0025542695058703136,0.12972564120438934,0.12972564120438934
95,5,268.1829985315532,53.63659970631064,2020,8,7,26,26161,21,4,2205210401,NaN,NaN,NaN,NaN,NaN,NaN,NaN,2007,5,3,1,0.0030411329680543222,0.0015565693203208697,0.08348908554917452,0.08348908554917452
96,5,229.81669167512396,45.963338335024794,2020,8,7,26,26161,21,4,2205210401,NaN,NaN,NaN,NaN,NaN,NaN,NaN,2006,5,3,1,0.004699351483887645,0.002405309607328291,0.11055605928211587,0.11055605928211587
97,5,203.39262514967626,40.67852502993525,2020,8,7,26,26161,21,4,2205210401,NaN,NaN,NaN,NaN,NaN,NaN,NaN,2005,5,3,1,0.002355634283196085,0.0012057046152325862,0.04904628536944721,0.04904628536944721
98,5,164.72170300101715,32.94434060020343,2020,8,7,26,26161,21,4,2205210401,NaN,NaN,NaN,NaN,NaN,NaN,NaN,2004,5,3,1,0.0021978569736722784,0.0011249480938876305,0.03706067316258373,0.03706067316258373
99,5,148.74713474802425,29.74942694960485,2020,8,7,26,26161,21,4,2205210401,NaN,NaN,NaN,NaN,NaN,NaN,NaN,2003,5,3,1,0.004657733406474384,0.0023840078677619123,0.07092286790926623,0.07092286790926623
100,5,118.52562992373574,23.70512598474715,2020,8,7,26,26161,21,4,2205210401,NaN,NaN,NaN,NaN,NaN,NaN,NaN,2002,5,3,1,0.0031234161893641545,0.001598685051271628,0.0378970305503259,0.0378970305503259
101,5,94.5116320580201,18.90232641160402,2020,8,7,26,26161,21,4,2205210401,NaN,NaN,NaN,NaN,NaN,NaN,NaN,2001,5,3,1,0.0037091500690513827,0.0018984862755426508,0.035885807268257595,0.035885807268257595
102,5,83.62548218400153,16.725096436800307,2020,8,7,26,26161,21,4,2205210401,NaN,NaN,NaN,NaN,NaN,NaN,NaN,2000,5,3,1,0.009405061084324307,0.009608142634140225,0.16069711213452778,0.16069711213452778
103,5,60.874080684058114,12.174816136811623,2020,8,7,26,26161,21,4,2205210401,NaN,NaN,NaN,NaN,NaN,NaN,NaN,1999,5,3,1,0.01756679724758905,0.017946113487893794,0.2184906320854621,0.2184906320854621
104,5,46.82985881634186,9.365971763268373,2020,8,7,26,26161,21,4,2205210401,NaN,NaN,NaN,NaN,NaN,NaN,NaN,1998,5,3,1,0.010607858275813472,0.01083691157802651,0.1014982078408324,0.1014982078408324
105,5,260.05730384453915,52.01146076890783,2020,8,7,26,26161,21,4,2209210401,NaN,NaN,NaN,NaN,NaN,NaN,NaN,2020,9,3,1,0,0,0,0
106,5,310.4463445557139,62.08926891114278,2020,8,7,26,26161,21,4,2209210401,NaN,NaN,NaN,NaN,NaN,NaN,NaN,2019,9,3,1,0,0,0,0
107,5,327.8141613006279,65.56283226012559,2020,8,7,26,26161,21,4,2209210401,NaN,NaN,NaN,NaN,NaN,NaN,NaN,2018,9,3,1,0,0,0,0
108,5,368.3242419642923,73.66484839285846,2020,8,7,26,26161,21,4,2209210401,NaN,NaN,NaN,NaN,NaN,NaN,NaN,2017,9,3,1,0,0,0,0
109,5,367.29985169622574,73.45997033924515,2020,8,7,26,26161,21,4,2209210401,NaN,NaN,NaN,NaN,NaN,NaN,NaN,2016,9,3,1,0,0,0,0
110,5,392.56334931271454,78.51266986254291,2020,8,7,26,26161,21,4,2209210401,NaN,NaN,NaN,NaN,NaN,NaN,NaN,2015,9,3,1,0,0,0,0
111,5,364.0998652152451,72.81997304304902,2020,8,7,26,26161,21,4,2209210401,NaN,NaN,NaN,NaN,NaN,NaN,NaN,2014,9,3,1,0,0,0,0
112,5,370.3959424661204,74.07918849322408,2020,8,7,26,26161,21,4,2209210401,NaN,NaN,NaN,NaN,NaN,NaN,NaN,2013,9,3,1,0,0,0,0
113,5,316.43263381169584,63.286526762339165,2020,8,7,26,26161,21,4,2209210401,NaN,NaN,NaN,NaN,NaN,NaN,NaN,2012,9,3,1,0,0,0,0
114,5,231.92053549096389,46.38410709819278,2020,8,7,26,26161,21,4,2209210401,NaN,NaN,NaN,NaN,NaN,NaN,NaN,2011,9,3,1,0,0,0,0
115,5,230.10402906651655,46.02080581330331,2020,8,7,26,26161,21,4,2209210401,NaN,NaN,NaN,NaN,NaN,NaN,NaN,2010,9,3,1,0,0,0,0
116,5,205.50535743034038,41.10107148606808,2020,8,7,26,26161,21,4,2209210401,NaN,NaN,NaN,NaN,NaN,NaN,NaN,2009,9,3,1,0,0,0,0
117,5,253.9388285109485,50.7877657021897,2020,8,7,26,26161,21,4,2209210401,NaN,NaN,NaN,NaN,NaN,NaN,NaN,2008,9,3,1,0,0,0,0
118,5,268.1829985315532,53.63659970631064,2020,8,7,26,26161,21,4,2209210401,NaN,NaN,NaN,NaN,NaN,NaN,NaN,2007,9,3,1,0,0,0,0
119,5,229.81669167512396,45.963338335024794,2020,8,7,26,26161,21,4,2209210401,NaN,NaN,NaN,NaN,NaN,NaN,NaN,2006,9,3,1,0,0,0,0
120,5,203.39262514967626,40.67852502993525,2020,8,7,26,26161,21,4,2209210401,NaN,NaN,NaN,NaN,NaN,NaN,NaN,2005,9,3,1,0,0,0,0
121,5,164.72170300101715,32.94434060020343,2020,8,7,26,26161,21,4,2209210401,NaN,NaN,NaN,NaN,NaN,NaN,NaN,2004,9,3,1,0,0,0,0
122,5,148.74713474802425,29.74942694960485,2020,8,7,26,26161,21,4,2209210401,NaN,NaN,NaN,NaN,NaN,NaN,NaN,2003,9,3,1,0,0,0,0
123,5,118.52562992373574,23.70512598474715,2020,8,7,26,26161,21,4,2209210401,NaN,NaN,NaN,NaN,NaN,NaN,NaN,2002,9,3,1,0,0,0,0
124,5,94.5116320580201,18.90232641160402,2020,8,7,26,26161,21,4,2209210401,NaN,NaN,NaN,NaN,NaN,NaN,NaN,2001,9,3,1,0,0,0,0
125,5,260.05730384453915,52.01146076890783,2020,8,7,26,26161,21,4,2201210401,NaN,NaN,NaN,NaN,NaN,NaN,NaN,2020,1,32,1,0,0,0,31.797562997603727
126,5,310.4463445557139,62.08926891114278,2020,8,7,26,26161,21,4,2201210401,NaN,NaN,NaN,NaN,NaN,NaN,NaN,2019,1,32,1,0,0,0,44.52701606114115
127,5,327.8141613006279,65.56283226012559,2020,8,7,26,26161,21,4,2201210401,NaN,NaN,NaN,NaN,NaN,NaN,NaN,2018,1,32,1,0,0,0,53.65480123359833
128,5,368.3242419642923,73.66484839285846,2020,8,7,26,26161,21,4,2201210401,NaN,NaN,NaN,NaN,NaN,NaN,NaN,2017,1,32,1,0,0,0,69.04211950268603
129,5,367.29985169622574,73.45997033924515,2020,8,7,26,26161,21,4,2201210401,NaN,NaN,NaN,NaN,NaN,NaN,NaN,2016,1,32,1,0,0,0,95.30644618896025
130,5,392.56334931271454,78.51266986254291,2020,8,7,26,26161,21,4,2201210401,NaN,NaN,NaN,NaN,NaN,NaN,NaN,2015,1,32,1,0,0,0,100.90604478106243
131,5,364.0998652152451,72.81997304304902,2020,8,7,26,26161,21,4,2201210401,NaN,NaN,NaN,NaN,NaN,NaN,NaN,2014,1,32,1,0,0,0,101.71517983800483
132,5,370.3959424661204,74.07918849322408,2020,8,7,26,26161,21,4,2201210401,NaN,NaN,NaN,NaN,NaN,NaN,NaN,2013,1,32,1,0,0,0,103.34633642879659
133,5,316.43263381169584,63.286526762339165,2020,8,7,26,26161,21,4,2201210401,NaN,NaN,NaN,NaN,NaN,NaN,NaN,2012,1,32,1,0,0,0,95.60820842358656
134,5,231.92053549096389,46.38410709819278,2020,8,7,26,26161,21,4,2201210401,NaN,NaN,NaN,NaN,NaN,NaN,NaN,2011,1,32,1,0,0,0,70.11534521611678
135,5,230.10402906651655,46.02080581330331,2020,8,7,26,26161,21,4,2201210401,NaN,NaN,NaN,NaN,NaN,NaN,NaN,2010,1,32,1,0,0,0,82.57585714029908
136,5,205.50535743034038,41.10107148606808,2020,8,7,26,26161,21,4,2201210401,NaN,NaN,NaN,NaN,NaN,NaN,NaN,2009,1,32,1,0,0,0,90.03030503200418
137,5,253.9388285109485,50.7877657021897,2020,8,7,26,26161,21,4,2201210401,NaN,NaN,NaN,NaN,NaN,NaN,NaN,2008,1,32,1,0,0,0,117.74543989894556
138,5,268.1829985315532,53.63659970631064,2020,8,7,26,26161,21,4,2201210401,NaN,NaN,NaN,NaN,NaN,NaN,NaN,2007,1,32,1,0,0,0,128.83447610855603
139,5,229.81669167512396,45.963338335024794,2020,8,7,26,26161,21,4,2201210401,NaN,NaN,NaN,NaN,NaN,NaN,NaN,2006,1,32,1,0,0,0,144.4680797232423
140,5,203.39262514967626,40.67852502993525,2020,8,7,26,26161,21,4,2201210401,NaN,NaN,NaN,NaN,NaN,NaN,NaN,2005,1,32,1,0,0,0,164.52242665337462
141,5,164.72170300101715,32.94434060020343,2020,8,7,26,26161,21,4,2201210401,NaN,NaN,NaN,NaN,NaN,NaN,NaN,2004,1,32,1,0,0,0,181.54093511873253
142,5,148.74713474802425,29.74942694960485,2020,8,7,26,26161,21,4,2201210401,NaN,NaN,NaN,NaN,NaN,NaN,NaN,2003,1,32,1,0,0,0,232.525301557193
143,5,118.52562992373574,23.70512598474715,2020,8,7,26,26161,21,4,2201210401,NaN,NaN,NaN,NaN,NaN,NaN,NaN,2002,1,32,1,0,0,0,222.49795424393434
144,5,94.5116320580201,18.90232641160402,2020,8,7,26,26161,21,4,2201210401,NaN,NaN,NaN,NaN,NaN,NaN,NaN,2001,1,32,1,0,0,0,177.95396311619658
145,5,83.62548218400153,16.725096436800307,2020,8,7,26,26161,21,4,2201210401,NaN,NaN,NaN,NaN,NaN,NaN,NaN,2000,1,32,1,0,0,0,580.1461812822461
146,5,60.874080684058114,12.174816136811623,2020,8,7,26,26161,21,4,2201210401,NaN,NaN,NaN,NaN,NaN,NaN,NaN,1999,1,32,1,0,0,0,581.5533736734236
147,5,46.82985881634186,9.365971763268373,2020,8,7,26,26161,21,4,2201210401,NaN,NaN,NaN,NaN,NaN,NaN,NaN,1998,1,32,1,0,0,0,507.473674673142
148,5,36.74778034358123,7.349556068716247,2020,8,7,26,26161,21,4,2201210401,NaN,NaN,NaN,NaN,NaN,NaN,NaN,1997,1,32,1,0,0,0,503.6593309890461
149,5,26.865139913300695,5.373027982660139,2020,8,7,26,26161,21,4,2201210401,NaN,NaN,NaN,NaN,NaN,NaN,NaN,1996,1,32,1,0,0,0,373.52656243322497
150,5,25.04660490806586,5.009320981613172,2020,8,7,26,26161,21,4,2201210401,NaN,NaN,NaN,NaN,NaN,NaN,NaN,1995,1,32,1,0,0,0,459.58151337452307
151,5,18.41216437802274,3.6824328756045484,2020,8,7,26,26161,21,4,2201210401,NaN,NaN,NaN,NaN,NaN,NaN,NaN,1994,1,32,1,0,0,0,392.41891231341435
152,5,15.146433442304176,3.029286688460835,2020,8,7,26,26161,21,4,2201210401,NaN,NaN,NaN,NaN,NaN,NaN,NaN,1993,1,32,1,0,0,0,464.7405386623772
153,5,12.785088718582324,2.557017743716465,2020,8,7,26,26161,21,4,2201210401,NaN,NaN,NaN,NaN,NaN,NaN,NaN,1992,1,32,1,0,0,0,392.1011002272783
154,5,12.603265015943999,2.5206530031887997,2020,8,7,26,26161,21,4,2201210401,NaN,NaN,NaN,NaN,NaN,NaN,NaN,1991,1,32,1,0,0,0,385.8832001698606
155,5,10.501237834887378,2.1002475669774756,2020,8,7,26,26161,21,4,2201210401,NaN,NaN,NaN,NaN,NaN,NaN,NaN,1990,1,32,1,0,0,0,314.6635029908622
156,5,10.217773915995503,2.0435547831991006,2020,8,7,26,26161,21,4,2201210401,NaN,NaN,NaN,NaN,NaN,NaN,NaN,1989,1,32,1,0,0,0,228.77251271276876
157,5,9.15454189972411,1.830908379944822,2020,8,7,26,26161,21,4,2201210401,NaN,NaN,NaN,NaN,NaN,NaN,NaN,1988,1,32,1,0,0,0,205.1005892982634
158,5,9.00619255308734,1.801238510617468,2020,8,7,26,26161,21,4,2201210401,NaN,NaN,NaN,NaN,NaN,NaN,NaN,1987,1,32,1,0,0,0,199.25266506342567
159,5,7.780739775004618,1.5561479550009236,2020,8,7,26,26161,21,4,2201210401,NaN,NaN,NaN,NaN,NaN,NaN,NaN,1986,1,32,1,0,0,0,172.81814398441261
160,5,5.992761098455286,1.1985522196910572,2020,8,7,26,26161,21,4,2201210401,NaN,NaN,NaN,NaN,NaN,NaN,NaN,1985,1,32,1,0,0,0,145.22742700714753
161,5,4.779871405562617,0.9559742811125235,2020,8,7,26,26161,21,4,2201210401,NaN,NaN,NaN,NaN,NaN,NaN,NaN,1984,1,32,1,0,0,0,114.56319107045077
162,5,3.5629958872973577,0.7125991774594715,2020,8,7,26,26161,21,4,2201210401,NaN,NaN,NaN,NaN,NaN,NaN,NaN,1983,1,32,1,0,0,0,82.4517407094097
163,5,2.6061493961116446,0.5212298792223289,2020,8,7,26,26161,21,4,2201210401,NaN,NaN,NaN,NaN,NaN,NaN,NaN,1982,1,32,1,0,0,0,49.184967854812534
164,5,1.8323500164585729,0.3664700032917146,2020,8,7,26,26161,21,4,2201210401,NaN,NaN,NaN,NaN,NaN,NaN,NaN,1981,1,32,1,0,0,0,35.75509440250502
165,5,23.19180710506584,4.638361421013168,2020,8,7,26,26161,21,4,2201210401,NaN,NaN,NaN,NaN,NaN,NaN,NaN,1980,1,32,1,0,0,0,495.2868050372109
166,5,310.4463445557139,62.08926891114278,2020,8,7,26,26161,21,4,2202210401,NaN,NaN,NaN,NaN,NaN,NaN,NaN,2019,2,32,1,0,0,0,0.0037071218628045802
167,5,327.8141613006279,65.56283226012559,2020,8,7,26,26161,21,4,2202210401,NaN,NaN,NaN,NaN,NaN,NaN,NaN,2018,2,32,1,0,0,0,0.04966561856339308
168,5,368.3242419642923,73.66484839285846,2020,8,7,26,26161,21,4,2202210401,NaN,NaN,NaN,NaN,NaN,NaN,NaN,2017,2,32,1,0,0,0,0.06643598823399349
169,5,367.29985169622574,73.45997033924515,2020,8,7,26,26161,21,4,2202210401,NaN,NaN,NaN,NaN,NaN,NaN,NaN,2016,2,32,1,0,0,0,0.15938640793077138
170,5,392.56334931271454,78.51266986254291,2020,8,7,26,26161,21,4,2202210401,NaN,NaN,NaN,NaN,NaN,NaN,NaN,2015,2,32,1,0,0,0,1.9962681642967597
171,5,364.0998652152451,72.81997304304902,2020,8,7,26,26161,21,4,2202210401,NaN,NaN,NaN,NaN,NaN,NaN,NaN,2014,2,32,1,0,0,0,2.6226173085898945
172,5,370.3959424661204,74.07918849322408,2020,8,7,26,26161,21,4,2202210401,NaN,NaN,NaN,NaN,NaN,NaN,NaN,2013,2,32,1,0,0,0,2.6912491485616337
173,5,316.43263381169584,63.286526762339165,2020,8,7,26,26161,21,4,2202210401,NaN,NaN,NaN,NaN,NaN,NaN,NaN,2012,2,32,1,0,0,0,2.3159428851008577
174,5,231.92053549096389,46.38410709819278,2020,8,7,26,26161,21,4,2202210401,NaN,NaN,NaN,NaN,NaN,NaN,NaN,2011,2,32,1,0,0,0,1.5854307394009473
175,5,230.10402906651655,46.02080581330331,2020,8,7,26,26161,21,4,2202210401,NaN,NaN,NaN,NaN,NaN,NaN,NaN,2010,2,32,1,0,0,0,1.680522229017379
176,5,205.50535743034038,41.10107148606808,2020,8,7,26,26161,21,4,2202210401,NaN,NaN,NaN,NaN,NaN,NaN,NaN,2009,2,32,1,0,0,0,1.2590869474759254
177,5,253.9388285109485,50.7877657021897,2020,8,7,26,26161,21,4,2202210401,NaN,NaN,NaN,NaN,NaN,NaN,NaN,2008,2,32,1,0,0,0,0.14491702323850086
178,5,268.1829985315532,53.63659970631064,2020,8,7,26,26161,21,4,2202210401,NaN,NaN,NaN,NaN,NaN,NaN,NaN,2007,2,32,1,0,0,0,0.10753131808740599
179,5,229.81669167512396,45.963338335024794,2020,8,7,26,26161,21,4,2202210401,NaN,NaN,NaN,NaN,NaN,NaN,NaN,2006,2,32,1,0,0,0,2.2330193808845453
180,5,203.39262514967626,40.67852502993525,2020,8,7,26,26161,21,4,2202210401,NaN,NaN,NaN,NaN,NaN,NaN,NaN,2005,2,32,1,0,0,0,1.7930047536352849
181,5,164.72170300101715,32.94434060020343,2020,8,7,26,26161,21,4,2202210401,NaN,NaN,NaN,NaN,NaN,NaN,NaN,2004,2,32,1,0,0,0,1.3600759029723133
182,5,148.74713474802425,29.74942694960485,2020,8,7,26,26161,21,4,2202210401,NaN,NaN,NaN,NaN,NaN,NaN,NaN,2003,2,32,1,0,0,0,2.2133733302389302
183,5,118.52562992373574,23.70512598474715,2020,8,7,26,26161,21,4,2202210401,NaN,NaN,NaN,NaN,NaN,NaN,NaN,2002,2,32,1,0,0,0,2.3660777074061126
184,5,94.5116320580201,18.90232641160402,2020,8,7,26,26161,21,4,2202210401,NaN,NaN,NaN,NaN,NaN,NaN,NaN,2001,2,32,1,0,0,0,1.3646706485953428
185,5,83.62548218400153,16.725096436800307,2020,8,7,26,26161,21,4,2202210401,NaN,NaN,NaN,NaN,NaN,NaN,NaN,2000,2,32,1,0,0,0,2.1266075781897653
186,5,60.874080684058114,12.174816136811623,2020,8,7,26,26161,21,4,2202210401,NaN,NaN,NaN,NaN,NaN,NaN,NaN,1999,2,32,1,0,0,0,1.2943142383339907
187,5,46.82985881634186,9.365971763268373,2020,8,7,26,26161,21,4,2202210401,NaN,NaN,NaN,NaN,NaN,NaN,NaN,1998,2,32,1,0,0,0,1.3273286769016719
188,5,36.74778034358123,7.349556068716247,2020,8,7,26,26161,21,4,2202210401,NaN,NaN,NaN,NaN,NaN,NaN,NaN,1997,2,32,1,0,0,0,0.5407243207272507
189,5,26.865139913300695,5.373027982660139,2020,8,7,26,26161,21,4,2202210401,NaN,NaN,NaN,NaN,NaN,NaN,NaN,1996,2,32,1,0,0,0,0.5496207214071073
190,5,25.04660490806586,5.009320981613172,2020,8,7,26,26161,21,4,2202210401,NaN,NaN,NaN,NaN,NaN,NaN,NaN,1995,2,32,1,0,0,0,0.44918799944440213
191,5,18.41216437802274,3.6824328756045484,2020,8,7,26,26161,21,4,2202210401,NaN,NaN,NaN,NaN,NaN,NaN,NaN,1994,2,32,1,0,0,0,0.06102680238494317
192,5,15.146433442304176,3.029286688460835,2020,8,7,26,26161,21,4,2202210401,NaN,NaN,NaN,NaN,NaN,NaN,NaN,1993,2,32,1,0,0,0,0.3344531560870535
193,5,12.785088718582324,2.557017743716465,2020,8,7,26,26161,21,4,2202210401,NaN,NaN,NaN,NaN,NaN,NaN,NaN,1992,2,32,1,0,0,0,0.4755898329614919
194,5,12.603265015943999,2.5206530031887997,2020,8,7,26,26161,21,4,2202210401,NaN,NaN,NaN,NaN,NaN,NaN,NaN,1991,2,32,1,0,0,0,1.1358899836539504
195,5,10.501237834887378,2.1002475669774756,2020,8,7,26,26161,21,4,2202210401,NaN,NaN,NaN,NaN,NaN,NaN,NaN,1990,2,32,1,0,0,0,0.35668854996606564
196,5,10.217773915995503,2.0435547831991006,2020,8,7,26,26161,21,4,2202210401,NaN,NaN,NaN,NaN,NaN,NaN,NaN,1989,2,32,1,0,0,0,0.22190625681801948
197,5,9.15454189972411,1.830908379944822,2020,8,7,26,26161,21,4,2202210401,NaN,NaN,NaN,NaN,NaN,NaN,NaN,1988,2,32,1,0,0,0,0.05676257067130236
198,5,9.00619255308734,1.801238510617468,2020,8,7,26,26161,21,4,2202210401,NaN,NaN,NaN,NaN,NaN,NaN,NaN,1987,2,32,1,0,0,0,2.7421745293226887
199,5,7.780739775004618,1.5561479550009236,2020,8,7,26,26161,21,4,2202210401,NaN,NaN,NaN,NaN,NaN,NaN,NaN,1986,2,32,1,0,0,0,1.6482157657632783
200,5,5.992761098455286,1.1985522196910572,2020,8,7,26,26161,21,4,2202210401,NaN,NaN,NaN,NaN,NaN,NaN,NaN,1985,2,32,1,0,0,0,5.398147068637836
201,5,4.779871405562617,0.9559742811125235,2020,8,7,26,26161,21,4,2202210401,NaN,NaN,NaN,NaN,NaN,NaN,NaN,1984,2,32,1,0,0,0,5.6585213407084325
202,5,3.5629958872973577,0.7125991774594715,2020,8,7,26,26161,21,4,2202210401,NaN,NaN,NaN,NaN,NaN,NaN,NaN,1983,2,32,1,0,0,0,7.352640301719794
203,5,2.6061493961116446,0.5212298792223289,2020,8,7,26,26161,21,4,2202210401,NaN,NaN,NaN,NaN,NaN,NaN,NaN,1982,2,32,1,0,0,0,6.253498606291459
204,5,1.8323500164585729,0.3664700032917146,2020,8,7,26,26161,21,4,2202210401,NaN,NaN,NaN,NaN,NaN,NaN,NaN,1981,2,32,1,0,0,0,3.1476175069683614
205,5,23.19180710506584,4.638361421013168,2020,8,7,26,26161,21,4,2202210401,NaN,NaN,NaN,NaN,NaN,NaN,NaN,1980,2,32,1,0,0,0,24.665704716651756
206,5,260.05730384453915,52.01146076890783,2020,8,7,26,26161,21,4,2205210401,NaN,NaN,NaN,NaN,NaN,NaN,NaN,2020,5,32,1,0,0,0,0.01060367951637991
207,5,310.4463445557139,62.08926891114278,2020,8,7,26,26161,21,4,2205210401,NaN,NaN,NaN,NaN,NaN,NaN,NaN,2019,5,32,1,0,0,0,0.02338701262636445
208,5,327.8141613006279,65.56283226012559,2020,8,7,26,26161,21,4,2205210401,NaN,NaN,NaN,NaN,NaN,NaN,NaN,2018,5,32,1,0,0,0,0.023827801857901502
209,5,368.3242419642923,73.66484839285846,2020,8,7,26,26161,21,4,2205210401,NaN,NaN,NaN,NaN,NaN,NaN,NaN,2017,5,32,1,0,0,0,0.01964669837213305
210,5,367.29985169622574,73.45997033924515,2020,8,7,26,26161,21,4,2205210401,NaN,NaN,NaN,NaN,NaN,NaN,NaN,2016,5,32,1,0,0,0,0.05246876835411575
211,5,392.56334931271454,78.51266986254291,2020,8,7,26,26161,21,4,2205210401,NaN,NaN,NaN,NaN,NaN,NaN,NaN,2015,5,32,1,0,0,0,0.05860384816702674
212,5,364.0998652152451,72.81997304304902,2020,8,7,26,26161,21,4,2205210401,NaN,NaN,NaN,NaN,NaN,NaN,NaN,2014,5,32,1,0,0,0,0.07594798992553368
213,5,370.3959424661204,74.07918849322408,2020,8,7,26,26161,21,4,2205210401,NaN,NaN,NaN,NaN,NaN,NaN,NaN,2013,5,32,1,0,0,0,0.08666301876169252
214,5,316.43263381169584,63.286526762339165,2020,8,7,26,26161,21,4,2205210401,NaN,NaN,NaN,NaN,NaN,NaN,NaN,2012,5,32,1,0,0,0,0.08266075591594416
215,5,231.92053549096389,46.38410709819278,2020,8,7,26,26161,21,4,2205210401,NaN,NaN,NaN,NaN,NaN,NaN,NaN,2011,5,32,1,0,0,0,0.10812462322826788
216,5,230.10402906651655,46.02080581330331,2020,8,7,26,26161,21,4,2205210401,NaN,NaN,NaN,NaN,NaN,NaN,NaN,2010,5,32,1,0,0,0,0.08012983176314602
217,5,205.50535743034038,41.10107148606808,2020,8,7,26,26161,21,4,2205210401,NaN,NaN,NaN,NaN,NaN,NaN,NaN,2009,5,32,1,0,0,0,0.07391336728970804
218,5,253.9388285109485,50.7877657021897,2020,8,7,26,26161,21,4,2205210401,NaN,NaN,NaN,NaN,NaN,NaN,NaN,2008,5,32,1,0,0,0,0.10845063604686948
219,5,268.1829985315532,53.63659970631064,2020,8,7,26,26161,21,4,2205210401,NaN,NaN,NaN,NaN,NaN,NaN,NaN,2007,5,32,1,0,0,0,0.06979687551910989
220,5,229.81669167512396,45.963338335024794,2020,8,7,26,26161,21,4,2205210401,NaN,NaN,NaN,NaN,NaN,NaN,NaN,2006,5,32,1,0,0,0,0.09242486555984887
221,5,203.39262514967626,40.67852502993525,2020,8,7,26,26161,21,4,2205210401,NaN,NaN,NaN,NaN,NaN,NaN,NaN,2005,5,32,1,0,0,0,0.04100269456885787
222,5,164.72170300101715,32.94434060020343,2020,8,7,26,26161,21,4,2205210401,NaN,NaN,NaN,NaN,NaN,NaN,NaN,2004,5,32,1,0,0,0,0.030982722763919994
223,5,148.74713474802425,29.74942694960485,2020,8,7,26,26161,21,4,2205210401,NaN,NaN,NaN,NaN,NaN,NaN,NaN,2003,5,32,1,0,0,0,0.05929151757214657
224,5,118.52562992373574,23.70512598474715,2020,8,7,26,26161,21,4,2205210401,NaN,NaN,NaN,NaN,NaN,NaN,NaN,2002,5,32,1,0,0,0,0.03168191754007245
225,5,94.5116320580201,18.90232641160402,2020,8,7,26,26161,21,4,2205210401,NaN,NaN,NaN,NaN,NaN,NaN,NaN,2001,5,32,1,0,0,0,0.03000053487626335
226,5,83.62548218400153,16.725096436800307,2020,8,7,26,26161,21,4,2205210401,NaN,NaN,NaN,NaN,NaN,NaN,NaN,2000,5,32,1,0,0,0,0.13434278574446523
227,5,60.874080684058114,12.174816136811623,2020,8,7,26,26161,21,4,2205210401,NaN,NaN,NaN,NaN,NaN,NaN,NaN,1999,5,32,1,0,0,0,0.18265816842344632
228,5,46.82985881634186,9.365971763268373,2020,8,7,26,26161,21,4,2205210401,NaN,NaN,NaN,NaN,NaN,NaN,NaN,1998,5,32,1,0,0,0,0.08485250175493587
229,5,260.05730384453915,52.01146076890783,2020,8,7,26,26161,21,4,2201210401,NaN,NaN,NaN,NaN,NaN,NaN,NaN,2020,1,33,1,0,0,0,5.933516540222706
230,5,310.4463445557139,62.08926891114278,2020,8,7,26,26161,21,4,2201210401,NaN,NaN,NaN,NaN,NaN,NaN,NaN,2019,1,33,1,0,0,0,8.308869025763181
231,5,327.8141613006279,65.56283226012559,2020,8,7,26,26161,21,4,2201210401,NaN,NaN,NaN,NaN,NaN,NaN,NaN,2018,1,33,1,0,0,0,10.01213994311165
232,5,368.3242419642923,73.66484839285846,2020,8,7,26,26161,21,4,2201210401,NaN,NaN,NaN,NaN,NaN,NaN,NaN,2017,1,33,1,0,0,0,12.883457706242849
233,5,367.29985169622574,73.45997033924515,2020,8,7,26,26161,21,4,2201210401,NaN,NaN,NaN,NaN,NaN,NaN,NaN,2016,1,33,1,0,0,0,17.784456465882535
234,5,392.56334931271454,78.51266986254291,2020,8,7,26,26161,21,4,2201210401,NaN,NaN,NaN,NaN,NaN,NaN,NaN,2015,1,33,1,0,0,0,18.82935763857146
235,5,364.0998652152451,72.81997304304902,2020,8,7,26,26161,21,4,2201210401,NaN,NaN,NaN,NaN,NaN,NaN,NaN,2014,1,33,1,0,0,0,18.980344563072673
236,5,370.3959424661204,74.07918849322408,2020,8,7,26,26161,21,4,2201210401,NaN,NaN,NaN,NaN,NaN,NaN,NaN,2013,1,33,1,0,0,0,19.28472306566061
237,5,316.43263381169584,63.286526762339165,2020,8,7,26,26161,21,4,2201210401,NaN,NaN,NaN,NaN,NaN,NaN,NaN,2012,1,33,1,0,0,0,17.840766165166873
238,5,231.92053549096389,46.38410709819278,2020,8,7,26,26161,21,4,2201210401,NaN,NaN,NaN,NaN,NaN,NaN,NaN,2011,1,33,1,0,0,0,13.083724705399783
239,5,230.10402906651655,46.02080581330331,2020,8,7,26,26161,21,4,2201210401,NaN,NaN,NaN,NaN,NaN,NaN,NaN,2010,1,33,1,0,0,0,15.408892002256767
240,5,205.50535743034038,41.10107148606808,2020,8,7,26,26161,21,4,2201210401,NaN,NaN,NaN,NaN,NaN,NaN,NaN,2009,1,33,1,0,0,0,16.799913379177816
241,5,253.9388285109485,50.7877657021897,2020,8,7,26,26161,21,4,2201210401,NaN,NaN,NaN,NaN,NaN,NaN,NaN,2008,1,33,1,0,0,0,21.971637110329556
242,5,268.1829985315532,53.63659970631064,2020,8,7,26,26161,21,4,2201210401,NaN,NaN,NaN,NaN,NaN,NaN,NaN,2007,1,33,1,0,0,0,24.04088310159658
243,5,229.81669167512396,45.963338335024794,2020,8,7,26,26161,21,4,2201210401,NaN,NaN,NaN,NaN,NaN,NaN,NaN,2006,1,33,1,0,0,0,26.958158417255742
244,5,203.39262514967626,40.67852502993525,2020,8,7,26,26161,21,4,2201210401,NaN,NaN,NaN,NaN,NaN,NaN,NaN,2005,1,33,1,0,0,0,30.700357126706272
245,5,164.72170300101715,32.94434060020343,2020,8,7,26,26161,21,4,2201210401,NaN,NaN,NaN,NaN,NaN,NaN,NaN,2004,1,33,1,0,0,0,33.87605966330416
246,5,148.74713474802425,29.74942694960485,2020,8,7,26,26161,21,4,2201210401,NaN,NaN,NaN,NaN,NaN,NaN,NaN,2003,1,33,1,0,0,0,43.389888807323096
247,5,118.52562992373574,23.70512598474715,2020,8,7,26,26161,21,4,2201210401,NaN,NaN,NaN,NaN,NaN,NaN,NaN,2002,1,33,1,0,0,0,41.51875701202603
248,5,94.5116320580201,18.90232641160402,2020,8,7,26,26161,21,4,2201210401,NaN,NaN,NaN,NaN,NaN,NaN,NaN,2001,1,33,1,0,0,0,33.20672039010367
249,5,83.62548218400153,16.725096436800307,2020,8,7,26,26161,21,4,2201210401,NaN,NaN,NaN,NaN,NaN,NaN,NaN,2000,1,33,1,0,0,0,108.25694291869664
250,5,60.874080684058114,12.174816136811623,2020,8,7,26,26161,21,4,2201210401,NaN,NaN,NaN,NaN,NaN,NaN,NaN,1999,1,33,1,0,0,0,108.51952905867714
251,5,46.82985881634186,9.365971763268373,2020,8,7,26,26161,21,4,2201210401,NaN,NaN,NaN,NaN,NaN,NaN,NaN,1998,1,33,1,0,0,0,94.69604455623224
252,5,36.74778034358123,7.349556068716247,2020,8,7,26,26161,21,4,2201210401,NaN,NaN,NaN,NaN,NaN,NaN,NaN,1997,1,33,1,0,0,0,93.984277074511
253,5,26.865139913300695,5.373027982660139,2020,8,7,26,26161,21,4,2201210401,NaN,NaN,NaN,NaN,NaN,NaN,NaN,1996,1,33,1,0,0,0,69.7011288750994
254,5,25.04660490806586,5.009320981613172,2020,8,7,26,26161,21,4,2201210401,NaN,NaN,NaN,NaN,NaN,NaN,NaN,1995,1,33,1,0,0,0,18.306181874456893
255,5,18.41216437802274,3.6824328756045484,2020,8,7,26,26161,21,4,2201210401,NaN,NaN,NaN,NaN,NaN,NaN,NaN,1994,1,33,1,0,0,0,15.630941999905394
256,5,15.146433442304176,3.029286688460835,2020,8,7,26,26161,21,4,2201210401,NaN,NaN,NaN,NaN,NaN,NaN,NaN,1993,1,33,1,0,0,0,18.511677640639764
257,5,12.785088718582324,2.557017743716465,2020,8,7,26,26161,21,4,2201210401,NaN,NaN,NaN,NaN,NaN,NaN,NaN,1992,1,33,1,0,0,0,15.618282818277335
258,5,12.603265015943999,2.5206530031887997,2020,8,7,26,26161,21,4,2201210401,NaN,NaN,NaN,NaN,NaN,NaN,NaN,1991,1,33,1,0,0,0,15.370609650371804
259,5,10.501237834887378,2.1002475669774756,2020,8,7,26,26161,21,4,2201210401,NaN,NaN,NaN,NaN,NaN,NaN,NaN,1990,1,33,1,0,0,0,20.257307059497567
260,5,10.217773915995503,2.0435547831991006,2020,8,7,26,26161,21,4,2201210401,NaN,NaN,NaN,NaN,NaN,NaN,NaN,1989,1,33,1,0,0,0,14.727844166058073
261,5,9.15454189972411,1.830908379944822,2020,8,7,26,26161,21,4,2201210401,NaN,NaN,NaN,NaN,NaN,NaN,NaN,1988,1,33,1,0,0,0,13.203900598600647
262,5,9.00619255308734,1.801238510617468,2020,8,7,26,26161,21,4,2201210401,NaN,NaN,NaN,NaN,NaN,NaN,NaN,1987,1,33,1,0,0,0,12.827424789490923
263,5,7.780739775004618,1.5561479550009236,2020,8,7,26,26161,21,4,2201210401,NaN,NaN,NaN,NaN,NaN,NaN,NaN,1986,1,33,1,0,0,0,11.125631586979353
264,5,5.992761098455286,1.1985522196910572,2020,8,7,26,26161,21,4,2201210401,NaN,NaN,NaN,NaN,NaN,NaN,NaN,1985,1,33,1,0,0,0,9.349405172133961
265,5,4.779871405562617,0.9559742811125235,2020,8,7,26,26161,21,4,2201210401,NaN,NaN,NaN,NaN,NaN,NaN,NaN,1984,1,33,1,0,0,0,7.375312729857345
266,5,3.5629958872973577,0.7125991774594715,2020,8,7,26,26161,21,4,2201210401,NaN,NaN,NaN,NaN,NaN,NaN,NaN,1983,1,33,1,0,0,0,5.308051977000624
267,5,2.6061493961116446,0.5212298792223289,2020,8,7,26,26161,21,4,2201210401,NaN,NaN,NaN,NaN,NaN,NaN,NaN,1982,1,33,1,0,0,0,3.166414239580206
268,5,1.8323500164585729,0.3664700032917146,2020,8,7,26,26161,21,4,2201210401,NaN,NaN,NaN,NaN,NaN,NaN,NaN,1981,1,33,1,0,0,0,2.30183011174925
269,5,23.19180710506584,4.638361421013168,2020,8,7,26,26161,21,4,2201210401,NaN,NaN,NaN,NaN,NaN,NaN,NaN,1980,1,33,1,0,0,0,8.63576993398214
270,5,310.4463445557139,62.08926891114278,2020,8,7,26,26161,21,4,2202210401,NaN,NaN,NaN,NaN,NaN,NaN,NaN,2019,2,33,1,0,0,0,0.0008695717949788521
271,5,327.8141613006279,65.56283226012559,2020,8,7,26,26161,21,4,2202210401,NaN,NaN,NaN,NaN,NaN,NaN,NaN,2018,2,33,1,0,0,0,0.01164995990993171
272,5,368.3242419642923,73.66484839285846,2020,8,7,26,26161,21,4,2202210401,NaN,NaN,NaN,NaN,NaN,NaN,NaN,2017,2,33,1,0,0,0,0.0155837503264923
273,5,367.29985169622574,73.45997033924515,2020,8,7,26,26161,21,4,2202210401,NaN,NaN,NaN,NaN,NaN,NaN,NaN,2016,2,33,1,0,0,0,0.037386935193637734
274,5,392.56334931271454,78.51266986254291,2020,8,7,26,26161,21,4,2202210401,NaN,NaN,NaN,NaN,NaN,NaN,NaN,2015,2,33,1,0,0,0,0.4682604336004745
275,5,364.0998652152451,72.81997304304902,2020,8,7,26,26161,21,4,2202210401,NaN,NaN,NaN,NaN,NaN,NaN,NaN,2014,2,33,1,0,0,0,0.6151818378173827
276,5,370.3959424661204,74.07918849322408,2020,8,7,26,26161,21,4,2202210401,NaN,NaN,NaN,NaN,NaN,NaN,NaN,2013,2,33,1,0,0,0,0.6312806644774203
277,5,316.43263381169584,63.286526762339165,2020,8,7,26,26161,21,4,2202210401,NaN,NaN,NaN,NaN,NaN,NaN,NaN,2012,2,33,1,0,0,0,0.5432458619372382
278,5,231.92053549096389,46.38410709819278,2020,8,7,26,26161,21,4,2202210401,NaN,NaN,NaN,NaN,NaN,NaN,NaN,2011,2,33,1,0,0,0,0.3718911610940494
279,5,230.10402906651655,46.02080581330331,2020,8,7,26,26161,21,4,2202210401,NaN,NaN,NaN,NaN,NaN,NaN,NaN,2010,2,33,1,0,0,0,0.39419657223864446
280,5,205.50535743034038,41.10107148606808,2020,8,7,26,26161,21,4,2202210401,NaN,NaN,NaN,NaN,NaN,NaN,NaN,2009,2,33,1,0,0,0,0.39760640446608175
281,5,253.9388285109485,50.7877657021897,2020,8,7,26,26161,21,4,2202210401,NaN,NaN,NaN,NaN,NaN,NaN,NaN,2008,2,33,1,0,0,0,0.04576327049636869
282,5,268.1829985315532,53.63659970631064,2020,8,7,26,26161,21,4,2202210401,NaN,NaN,NaN,NaN,NaN,NaN,NaN,2007,2,33,1,0,0,0,0.03395725834339137
283,5,229.81669167512396,45.963338335024794,2020,8,7,26,26161,21,4,2202210401,NaN,NaN,NaN,NaN,NaN,NaN,NaN,2006,2,33,1,0,0,0,0.14253315197135397
284,5,203.39262514967626,40.67852502993525,2020,8,7,26,26161,21,4,2202210401,NaN,NaN,NaN,NaN,NaN,NaN,NaN,2005,2,33,1,0,0,0,0.11444711193416712
285,5,164.72170300101715,32.94434060020343,2020,8,7,26,26161,21,4,2202210401,NaN,NaN,NaN,NaN,NaN,NaN,NaN,2004,2,33,1,0,0,0,0.08681335550887107
286,5,148.74713474802425,29.74942694960485,2020,8,7,26,26161,21,4,2202210401,NaN,NaN,NaN,NaN,NaN,NaN,NaN,2003,2,33,1,0,0,0,0.06845484526512156
287,5,118.52562992373574,23.70512598474715,2020,8,7,26,26161,21,4,2202210401,NaN,NaN,NaN,NaN,NaN,NaN,NaN,2002,2,33,1,0,0,0,0.0731776610537973
288,5,94.5116320580201,18.90232641160402,2020,8,7,26,26161,21,4,2202210401,NaN,NaN,NaN,NaN,NaN,NaN,NaN,2001,2,33,1,0,0,0,0.04220630871944359
289,5,83.62548218400153,16.725096436800307,2020,8,7,26,26161,21,4,2202210401,NaN,NaN,NaN,NaN,NaN,NaN,NaN,2000,2,33,1,0,0,0,0.06577136839762161
290,5,60.874080684058114,12.174816136811623,2020,8,7,26,26161,21,4,2202210401,NaN,NaN,NaN,NaN,NaN,NaN,NaN,1999,2,33,1,0,0,0,0.04003033726806157
291,5,46.82985881634186,9.365971763268373,2020,8,7,26,26161,21,4,2202210401,NaN,NaN,NaN,NaN,NaN,NaN,NaN,1998,2,33,1,0,0,0,0.04105140237840223
292,5,36.74778034358123,7.349556068716247,2020,8,7,26,26161,21,4,2202210401,NaN,NaN,NaN,NaN,NaN,NaN,NaN,1997,2,33,1,0,0,0,0.01672343259981188
293,5,26.865139913300695,5.373027982660139,2020,8,7,26,26161,21,4,2202210401,NaN,NaN,NaN,NaN,NaN,NaN,NaN,1996,2,33,1,0,0,0,0.01699857901259095
294,5,25.04660490806586,5.009320981613172,2020,8,7,26,26161,21,4,2202210401,NaN,NaN,NaN,NaN,NaN,NaN,NaN,1995,2,33,1,0,0,0,0.013892412353950582
295,5,18.41216437802274,3.6824328756045484,2020,8,7,26,26161,21,4,2202210401,NaN,NaN,NaN,NaN,NaN,NaN,NaN,1994,2,33,1,0,0,0,0.0018874268778848403
296,5,15.146433442304176,3.029286688460835,2020,8,7,26,26161,21,4,2202210401,NaN,NaN,NaN,NaN,NaN,NaN,NaN,1993,2,33,1,0,0,0,0.01034391204392949
297,5,12.785088718582324,2.557017743716465,2020,8,7,26,26161,21,4,2202210401,NaN,NaN,NaN,NaN,NaN,NaN,NaN,1992,2,33,1,0,0,0,0.014708963906025524
298,5,12.603265015943999,2.5206530031887997,2020,8,7,26,26161,21,4,2202210401,NaN,NaN,NaN,NaN,NaN,NaN,NaN,1991,2,33,1,0,0,0,0.03513061805115311
299,5,10.501237834887378,2.1002475669774756,2020,8,7,26,26161,21,4,2202210401,NaN,NaN,NaN,NaN,NaN,NaN,NaN,1990,2,33,1,0,0,0,0.011031604638125742
300,5,10.217773915995503,2.0435547831991006,2020,8,7,26,26161,21,4,2202210401,NaN,NaN,NaN,NaN,NaN,NaN,NaN,1989,2,33,1,0,0,0,0.006863080107773798
301,5,9.15454189972411,1.830908379944822,2020,8,7,26,26161,21,4,2202210401,NaN,NaN,NaN,NaN,NaN,NaN,NaN,1988,2,33,1,0,0,0,0.0017555434228237845
302,5,9.00619255308734,1.801238510617468,2020,8,7,26,26161,21,4,2202210401,NaN,NaN,NaN,NaN,NaN,NaN,NaN,1987,2,33,1,0,0,0,0.08480952152544398
303,5,7.780739775004618,1.5561479550009236,2020,8,7,26,26161,21,4,2202210401,NaN,NaN,NaN,NaN,NaN,NaN,NaN,1986,2,33,1,0,0,0,0.0509757453328849
304,5,5.992761098455286,1.1985522196910572,2020,8,7,26,26161,21,4,2202210401,NaN,NaN,NaN,NaN,NaN,NaN,NaN,1985,2,33,1,0,0,0,0.16695300212281966
305,5,4.779871405562617,0.9559742811125235,2020,8,7,26,26161,21,4,2202210401,NaN,NaN,NaN,NaN,NaN,NaN,NaN,1984,2,33,1,0,0,0,0.17500581466108556
306,5,3.5629958872973577,0.7125991774594715,2020,8,7,26,26161,21,4,2202210401,NaN,NaN,NaN,NaN,NaN,NaN,NaN,1983,2,33,1,0,0,0,0.2274012464449421
307,5,2.6061493961116446,0.5212298792223289,2020,8,7,26,26161,21,4,2202210401,NaN,NaN,NaN,NaN,NaN,NaN,NaN,1982,2,33,1,0,0,0,0.19340717339045752
308,5,1.8323500164585729,0.3664700032917146,2020,8,7,26,26161,21,4,2202210401,NaN,NaN,NaN,NaN,NaN,NaN,NaN,1981,2,33,1,0,0,0,0.09734899506087716
309,5,23.19180710506584,4.638361421013168,2020,8,7,26,26161,21,4,2202210401,NaN,NaN,NaN,NaN,NaN,NaN,NaN,1980,2,33,1,0,0,0,0.7628568469067555
310,5,260.05730384453915,52.01146076890783,2020,8,7,26,26161,21,4,2205210401,NaN,NaN,NaN,NaN,NaN,NaN,NaN,2020,5,33,1,0,0,0,0.0019786770389417056
311,5,310.4463445557139,62.08926891114278,2020,8,7,26,26161,21,4,2205210401,NaN,NaN,NaN,NaN,NaN,NaN,NaN,2019,5,33,1,0,0,0,0.0043640836958287734
312,5,327.8141613006279,65.56283226012559,2020,8,7,26,26161,21,4,2205210401,NaN,NaN,NaN,NaN,NaN,NaN,NaN,2018,5,33,1,0,0,0,0.004446336231857219
313,5,368.3242419642923,73.66484839285846,2020,8,7,26,26161,21,4,2205210401,NaN,NaN,NaN,NaN,NaN,NaN,NaN,2017,5,33,1,0,0,0,0.003666130318244923
314,5,367.29985169622574,73.45997033924515,2020,8,7,26,26161,21,4,2205210401,NaN,NaN,NaN,NaN,NaN,NaN,NaN,2016,5,33,1,0,0,0,0.009790822802921121
315,5,392.56334931271454,78.51266986254291,2020,8,7,26,26161,21,4,2205210401,NaN,NaN,NaN,NaN,NaN,NaN,NaN,2015,5,33,1,0,0,0,0.010935646308679632
316,5,364.0998652152451,72.81997304304902,2020,8,7,26,26161,21,4,2205210401,NaN,NaN,NaN,NaN,NaN,NaN,NaN,2014,5,33,1,0,0,0,0.014172112952611551
317,5,370.3959424661204,74.07918849322408,2020,8,7,26,26161,21,4,2205210401,NaN,NaN,NaN,NaN,NaN,NaN,NaN,2013,5,33,1,0,0,0,0.01617156809428712
318,5,316.43263381169584,63.286526762339165,2020,8,7,26,26161,21,4,2205210401,NaN,NaN,NaN,NaN,NaN,NaN,NaN,2012,5,33,1,0,0,0,0.01542473435752068
319,5,231.92053549096389,46.38410709819278,2020,8,7,26,26161,21,4,2205210401,NaN,NaN,NaN,NaN,NaN,NaN,NaN,2011,5,33,1,0,0,0,0.020176365100011712
320,5,230.10402906651655,46.02080581330331,2020,8,7,26,26161,21,4,2205210401,NaN,NaN,NaN,NaN,NaN,NaN,NaN,2010,5,33,1,0,0,0,0.014952456644797583
321,5,205.50535743034038,41.10107148606808,2020,8,7,26,26161,21,4,2205210401,NaN,NaN,NaN,NaN,NaN,NaN,NaN,2009,5,33,1,0,0,0,0.013792446527744563
322,5,253.9388285109485,50.7877657021897,2020,8,7,26,26161,21,4,2205210401,NaN,NaN,NaN,NaN,NaN,NaN,NaN,2008,5,33,1,0,0,0,0.020237200027884737
323,5,268.1829985315532,53.63659970631064,2020,8,7,26,26161,21,4,2205210401,NaN,NaN,NaN,NaN,NaN,NaN,NaN,2007,5,33,1,0,0,0,0.013024297345671225
324,5,229.81669167512396,45.963338335024794,2020,8,7,26,26161,21,4,2205210401,NaN,NaN,NaN,NaN,NaN,NaN,NaN,2006,5,33,1,0,0,0,0.017246745248010075
325,5,203.39262514967626,40.67852502993525,2020,8,7,26,26161,21,4,2205210401,NaN,NaN,NaN,NaN,NaN,NaN,NaN,2005,5,33,1,0,0,0,0.007651220517633765
326,5,164.72170300101715,32.94434060020343,2020,8,7,26,26161,21,4,2205210401,NaN,NaN,NaN,NaN,NaN,NaN,NaN,2004,5,33,1,0,0,0,0.005781465013363061
327,5,148.74713474802425,29.74942694960485,2020,8,7,26,26161,21,4,2205210401,NaN,NaN,NaN,NaN,NaN,NaN,NaN,2003,5,33,1,0,0,0,0.011063967393845532
328,5,118.52562992373574,23.70512598474715,2020,8,7,26,26161,21,4,2205210401,NaN,NaN,NaN,NaN,NaN,NaN,NaN,2002,5,33,1,0,0,0,0.005911936765850841
329,5,94.5116320580201,18.90232641160402,2020,8,7,26,26161,21,4,2205210401,NaN,NaN,NaN,NaN,NaN,NaN,NaN,2001,5,33,1,0,0,0,0.005598185933848185
330,5,83.62548218400153,16.725096436800307,2020,8,7,26,26161,21,4,2205210401,NaN,NaN,NaN,NaN,NaN,NaN,NaN,2000,5,33,1,0,0,0,0.025068749492986334
331,5,60.874080684058114,12.174816136811623,2020,8,7,26,26161,21,4,2205210401,NaN,NaN,NaN,NaN,NaN,NaN,NaN,1999,5,33,1,0,0,0,0.03408453860533209
332,5,46.82985881634186,9.365971763268373,2020,8,7,26,26161,21,4,2205210401,NaN,NaN,NaN,NaN,NaN,NaN,NaN,1998,5,33,1,0,0,0,0.015833720423169852
333,5,260.05730384453915,52.01146076890783,2020,8,7,26,26161,21,4,2201210401,NaN,NaN,NaN,NaN,NaN,NaN,NaN,2020,1,34,1,0,0,0,0.30428289949860027
334,5,310.4463445557139,62.08926891114278,2020,8,7,26,26161,21,4,2201210401,NaN,NaN,NaN,NaN,NaN,NaN,NaN,2019,1,34,1,0,0,0,0.42609584747503493
335,5,327.8141613006279,65.56283226012559,2020,8,7,26,26161,21,4,2201210401,NaN,NaN,NaN,NaN,NaN,NaN,NaN,2018,1,34,1,0,0,0,0.5134430740057256
336,5,368.3242419642923,73.66484839285846,2020,8,7,26,26161,21,4,2201210401,NaN,NaN,NaN,NaN,NaN,NaN,NaN,2017,1,34,1,0,0,0,0.6606901387816846
337,5,367.29985169622574,73.45997033924515,2020,8,7,26,26161,21,4,2201210401,NaN,NaN,NaN,NaN,NaN,NaN,NaN,2016,1,34,1,0,0,0,0.9120234085067968
338,5,392.56334931271454,78.51266986254291,2020,8,7,26,26161,21,4,2201210401,NaN,NaN,NaN,NaN,NaN,NaN,NaN,2015,1,34,1,0,0,0,0.9656080840293056
339,5,364.0998652152451,72.81997304304902,2020,8,7,26,26161,21,4,2201210401,NaN,NaN,NaN,NaN,NaN,NaN,NaN,2014,1,34,1,0,0,0,0.9733510032344961
340,5,370.3959424661204,74.07918849322408,2020,8,7,26,26161,21,4,2201210401,NaN,NaN,NaN,NaN,NaN,NaN,NaN,2013,1,34,1,0,0,0,0.9889601572133646
341,5,316.43263381169584,63.286526762339165,2020,8,7,26,26161,21,4,2201210401,NaN,NaN,NaN,NaN,NaN,NaN,NaN,2012,1,34,1,0,0,0,0.9149110853931729
342,5,231.92053549096389,46.38410709819278,2020,8,7,26,26161,21,4,2201210401,NaN,NaN,NaN,NaN,NaN,NaN,NaN,2011,1,34,1,0,0,0,0.6709602413025529
343,5,230.10402906651655,46.02080581330331,2020,8,7,26,26161,21,4,2201210401,NaN,NaN,NaN,NaN,NaN,NaN,NaN,2010,1,34,1,0,0,0,0.7901995898593214
344,5,205.50535743034038,41.10107148606808,2020,8,7,26,26161,21,4,2201210401,NaN,NaN,NaN,NaN,NaN,NaN,NaN,2009,1,34,1,0,0,0,0.8615340194450162
345,5,253.9388285109485,50.7877657021897,2020,8,7,26,26161,21,4,2201210401,NaN,NaN,NaN,NaN,NaN,NaN,NaN,2008,1,34,1,0,0,0,1.1267506210425413
346,5,268.1829985315532,53.63659970631064,2020,8,7,26,26161,21,4,2201210401,NaN,NaN,NaN,NaN,NaN,NaN,NaN,2007,1,34,1,0,0,0,1.232865800081876
347,5,229.81669167512396,45.963338335024794,2020,8,7,26,26161,21,4,2201210401,NaN,NaN,NaN,NaN,NaN,NaN,NaN,2006,1,34,1,0,0,0,1.3824696624233714
348,5,203.39262514967626,40.67852502993525,2020,8,7,26,26161,21,4,2201210401,NaN,NaN,NaN,NaN,NaN,NaN,NaN,2005,1,34,1,0,0,0,1.5743772885490397
349,5,164.72170300101715,32.94434060020343,2020,8,7,26,26161,21,4,2201210401,NaN,NaN,NaN,NaN,NaN,NaN,NaN,2004,1,34,1,0,0,0,1.7372338288873928
350,5,148.74713474802425,29.74942694960485,2020,8,7,26,26161,21,4,2201210401,NaN,NaN,NaN,NaN,NaN,NaN,NaN,2003,1,34,1,0,0,0,2.225122502939646
351,5,118.52562992373574,23.70512598474715,2020,8,7,26,26161,21,4,2201210401,NaN,NaN,NaN,NaN,NaN,NaN,NaN,2002,1,34,1,0,0,0,2.129167026257745
352,5,94.5116320580201,18.90232641160402,2020,8,7,26,26161,21,4,2201210401,NaN,NaN,NaN,NaN,NaN,NaN,NaN,2001,1,34,1,0,0,0,1.7029087379540342
353,5,83.62548218400153,16.725096436800307,2020,8,7,26,26161,21,4,2201210401,NaN,NaN,NaN,NaN,NaN,NaN,NaN,2000,1,34,1,0,0,0,5.551638098394699
354,5,60.874080684058114,12.174816136811623,2020,8,7,26,26161,21,4,2201210401,NaN,NaN,NaN,NaN,NaN,NaN,NaN,1999,1,34,1,0,0,0,5.565104054291135
355,5,46.82985881634186,9.365971763268373,2020,8,7,26,26161,21,4,2201210401,NaN,NaN,NaN,NaN,NaN,NaN,NaN,1998,1,34,1,0,0,0,4.856207413140115
356,5,36.74778034358123,7.349556068716247,2020,8,7,26,26161,21,4,2201210401,NaN,NaN,NaN,NaN,NaN,NaN,NaN,1997,1,34,1,0,0,0,4.81970651664159
357,5,26.865139913300695,5.373027982660139,2020,8,7,26,26161,21,4,2201210401,NaN,NaN,NaN,NaN,NaN,NaN,NaN,1996,1,34,1,0,0,0,3.5744168653897126
358,5,25.04660490806586,5.009320981613172,2020,8,7,26,26161,21,4,2201210401,NaN,NaN,NaN,NaN,NaN,NaN,NaN,1995,1,34,1,0,0,0,3.8539330262014513
359,5,18.41216437802274,3.6824328756045484,2020,8,7,26,26161,21,4,2201210401,NaN,NaN,NaN,NaN,NaN,NaN,NaN,1994,1,34,1,0,0,0,3.2907246315590304
360,5,15.146433442304176,3.029286688460835,2020,8,7,26,26161,21,4,2201210401,NaN,NaN,NaN,NaN,NaN,NaN,NaN,1993,1,34,1,0,0,0,3.897195292766266
361,5,12.785088718582324,2.557017743716465,2020,8,7,26,26161,21,4,2201210401,NaN,NaN,NaN,NaN,NaN,NaN,NaN,1992,1,34,1,0,0,0,3.2880595406899653
362,5,12.603265015943999,2.5206530031887997,2020,8,7,26,26161,21,4,2201210401,NaN,NaN,NaN,NaN,NaN,NaN,NaN,1991,1,34,1,0,0,0,3.2359178211309065
363,5,10.501237834887378,2.1002475669774756,2020,8,7,26,26161,21,4,2201210401,NaN,NaN,NaN,NaN,NaN,NaN,NaN,1990,1,34,1,0,0,0,2.7009742745996754
364,5,10.217773915995503,2.0435547831991006,2020,8,7,26,26161,21,4,2201210401,NaN,NaN,NaN,NaN,NaN,NaN,NaN,1989,1,34,1,0,0,0,1.96371255547441
365,5,9.15454189972411,1.830908379944822,2020,8,7,26,26161,21,4,2201210401,NaN,NaN,NaN,NaN,NaN,NaN,NaN,1988,1,34,1,0,0,0,1.7605200798134197
366,5,9.00619255308734,1.801238510617468,2020,8,7,26,26161,21,4,2201210401,NaN,NaN,NaN,NaN,NaN,NaN,NaN,1987,1,34,1,0,0,0,1.7103233052654565
367,5,7.780739775004618,1.5561479550009236,2020,8,7,26,26161,21,4,2201210401,NaN,NaN,NaN,NaN,NaN,NaN,NaN,1986,1,34,1,0,0,0,1.4834175449305804
368,5,5.992761098455286,1.1985522196910572,2020,8,7,26,26161,21,4,2201210401,NaN,NaN,NaN,NaN,NaN,NaN,NaN,1985,1,34,1,0,0,0,1.2465873562845282
369,5,4.779871405562617,0.9559742811125235,2020,8,7,26,26161,21,4,2201210401,NaN,NaN,NaN,NaN,NaN,NaN,NaN,1984,1,34,1,0,0,0,0.9833750306476461
370,5,3.5629958872973577,0.7125991774594715,2020,8,7,26,26161,21,4,2201210401,NaN,NaN,NaN,NaN,NaN,NaN,NaN,1983,1,34,1,0,0,0,0.7077402636000832
371,5,2.6061493961116446,0.5212298792223289,2020,8,7,26,26161,21,4,2201210401,NaN,NaN,NaN,NaN,NaN,NaN,NaN,1982,1,34,1,0,0,0,0.4221885652773608
372,5,1.8323500164585729,0.3664700032917146,2020,8,7,26,26161,21,4,2201210401,NaN,NaN,NaN,NaN,NaN,NaN,NaN,1981,1,34,1,0,0,0,0.30691068156656676
373,5,23.19180710506584,4.638361421013168,2020,8,7,26,26161,21,4,2201210401,NaN,NaN,NaN,NaN,NaN,NaN,NaN,1980,1,34,1,0,0,0,4.063891733638654
374,5,310.4463445557139,62.08926891114278,2020,8,7,26,26161,21,4,2202210401,NaN,NaN,NaN,NaN,NaN,NaN,NaN,2019,2,34,1,0,0,0,0.00003690881982083413
375,5,327.8141613006279,65.56283226012559,2020,8,7,26,26161,21,4,2202210401,NaN,NaN,NaN,NaN,NaN,NaN,NaN,2018,2,34,1,0,0,0,0.0004944804715590708
376,5,368.3242419642923,73.66484839285846,2020,8,7,26,26161,21,4,2202210401,NaN,NaN,NaN,NaN,NaN,NaN,NaN,2017,2,34,1,0,0,0,0.0006614495045200467
377,5,367.29985169622574,73.45997033924515,2020,8,7,26,26161,21,4,2202210401,NaN,NaN,NaN,NaN,NaN,NaN,NaN,2016,2,34,1,0,0,0,0.0015868817993903962
378,5,392.56334931271454,78.51266986254291,2020,8,7,26,26161,21,4,2202210401,NaN,NaN,NaN,NaN,NaN,NaN,NaN,2015,2,34,1,0,0,0,0.0198752306282035
379,5,364.0998652152451,72.81997304304902,2020,8,7,26,26161,21,4,2202210401,NaN,NaN,NaN,NaN,NaN,NaN,NaN,2014,2,34,1,0,0,0,0.026111283438768364
380,5,370.3959424661204,74.07918849322408,2020,8,7,26,26161,21,4,2202210401,NaN,NaN,NaN,NaN,NaN,NaN,NaN,2013,2,34,1,0,0,0,0.026794595266443986
381,5,316.43263381169584,63.286526762339165,2020,8,7,26,26161,21,4,2202210401,NaN,NaN,NaN,NaN,NaN,NaN,NaN,2012,2,34,1,0,0,0,0.023057973766436257
382,5,231.92053549096389,46.38410709819278,2020,8,7,26,26161,21,4,2202210401,NaN,NaN,NaN,NaN,NaN,NaN,NaN,2011,2,34,1,0,0,0,0.015784854036249973
383,5,230.10402906651655,46.02080581330331,2020,8,7,26,26161,21,4,2202210401,NaN,NaN,NaN,NaN,NaN,NaN,NaN,2010,2,34,1,0,0,0,0.01673160323593567
384,5,205.50535743034038,41.10107148606808,2020,8,7,26,26161,21,4,2202210401,NaN,NaN,NaN,NaN,NaN,NaN,NaN,2009,2,34,1,0,0,0,0.013360430257596832
385,5,253.9388285109485,50.7877657021897,2020,8,7,26,26161,21,4,2202210401,NaN,NaN,NaN,NaN,NaN,NaN,NaN,2008,2,34,1,0,0,0,0.001537744304313464
386,5,268.1829985315532,53.63659970631064,2020,8,7,26,26161,21,4,2202210401,NaN,NaN,NaN,NaN,NaN,NaN,NaN,2007,2,34,1,0,0,0,0.0011410369066999786
387,5,229.81669167512396,45.963338335024794,2020,8,7,26,26161,21,4,2202210401,NaN,NaN,NaN,NaN,NaN,NaN,NaN,2006,2,34,1,0,0,0,0.019157681716579833
388,5,203.39262514967626,40.67852502993525,2020,8,7,26,26161,21,4,2202210401,NaN,NaN,NaN,NaN,NaN,NaN,NaN,2005,2,34,1,0,0,0,0.015382676335237516
389,5,164.72170300101715,32.94434060020343,2020,8,7,26,26161,21,4,2202210401,NaN,NaN,NaN,NaN,NaN,NaN,NaN,2004,2,34,1,0,0,0,0.011668461761945036
390,5,148.74713474802425,29.74942694960485,2020,8,7,26,26161,21,4,2202210401,NaN,NaN,NaN,NaN,NaN,NaN,NaN,2003,2,34,1,0,0,0,0.018401840125032678
391,5,118.52562992373574,23.70512598474715,2020,8,7,26,26161,21,4,2202210401,NaN,NaN,NaN,NaN,NaN,NaN,NaN,2002,2,34,1,0,0,0,0.01967141426177347
392,5,94.5116320580201,18.90232641160402,2020,8,7,26,26161,21,4,2202210401,NaN,NaN,NaN,NaN,NaN,NaN,NaN,2001,2,34,1,0,0,0,0.011345781913828923
393,5,83.62548218400153,16.725096436800307,2020,8,7,26,26161,21,4,2202210401,NaN,NaN,NaN,NaN,NaN,NaN,NaN,2000,2,34,1,0,0,0,0.017680475375704736
394,5,60.874080684058114,12.174816136811623,2020,8,7,26,26161,21,4,2202210401,NaN,NaN,NaN,NaN,NaN,NaN,NaN,1999,2,34,1,0,0,0,0.010760843351629454
395,5,46.82985881634186,9.365971763268373,2020,8,7,26,26161,21,4,2202210401,NaN,NaN,NaN,NaN,NaN,NaN,NaN,1998,2,34,1,0,0,0,0.011035323220000597
396,5,36.74778034358123,7.349556068716247,2020,8,7,26,26161,21,4,2202210401,NaN,NaN,NaN,NaN,NaN,NaN,NaN,1997,2,34,1,0,0,0,0.004495546397798892
397,5,26.865139913300695,5.373027982660139,2020,8,7,26,26161,21,4,2202210401,NaN,NaN,NaN,NaN,NaN,NaN,NaN,1996,2,34,1,0,0,0,0.0045695104872556305
398,5,25.04660490806586,5.009320981613172,2020,8,7,26,26161,21,4,2202210401,NaN,NaN,NaN,NaN,NaN,NaN,NaN,1995,2,34,1,0,0,0,0.003734519449986716
399,5,18.41216437802274,3.6824328756045484,2020,8,7,26,26161,21,4,2202210401,NaN,NaN,NaN,NaN,NaN,NaN,NaN,1994,2,34,1,0,0,0,0.0005073728166357098
400,5,15.146433442304176,3.029286688460835,2020,8,7,26,26161,21,4,2202210401,NaN,NaN,NaN,NaN,NaN,NaN,NaN,1993,2,34,1,0,0,0,0.0027806215171853467
401,5,12.785088718582324,2.557017743716465,2020,8,7,26,26161,21,4,2202210401,NaN,NaN,NaN,NaN,NaN,NaN,NaN,1992,2,34,1,0,0,0,0.003954022555383205
402,5,12.603265015943999,2.5206530031887997,2020,8,7,26,26161,21,4,2202210401,NaN,NaN,NaN,NaN,NaN,NaN,NaN,1991,2,34,1,0,0,0,0.009443714529879868
403,5,10.501237834887378,2.1002475669774756,2020,8,7,26,26161,21,4,2202210401,NaN,NaN,NaN,NaN,NaN,NaN,NaN,1990,2,34,1,0,0,0,0.002965485117775737
404,5,10.217773915995503,2.0435547831991006,2020,8,7,26,26161,21,4,2202210401,NaN,NaN,NaN,NaN,NaN,NaN,NaN,1989,2,34,1,0,0,0,0.0018449140074660749
405,5,9.15454189972411,1.830908379944822,2020,8,7,26,26161,21,4,2202210401,NaN,NaN,NaN,NaN,NaN,NaN,NaN,1988,2,34,1,0,0,0,0.00047192027495263024
406,5,9.00619255308734,1.801238510617468,2020,8,7,26,26161,21,4,2202210401,NaN,NaN,NaN,NaN,NaN,NaN,NaN,1987,2,34,1,0,0,0,0.022798258474581716
407,5,7.780739775004618,1.5561479550009236,2020,8,7,26,26161,21,4,2202210401,NaN,NaN,NaN,NaN,NaN,NaN,NaN,1986,2,34,1,0,0,0,0.013703157347549705
408,5,5.992761098455286,1.1985522196910572,2020,8,7,26,26161,21,4,2202210401,NaN,NaN,NaN,NaN,NaN,NaN,NaN,1985,2,34,1,0,0,0,0.04487983928032786
409,5,4.779871405562617,0.9559742811125235,2020,8,7,26,26161,21,4,2202210401,NaN,NaN,NaN,NaN,NaN,NaN,NaN,1984,2,34,1,0,0,0,0.04704457383362515
410,5,3.5629958872973577,0.7125991774594715,2020,8,7,26,26161,21,4,2202210401,NaN,NaN,NaN,NaN,NaN,NaN,NaN,1983,2,34,1,0,0,0,0.06112936732390917
411,5,2.6061493961116446,0.5212298792223289,2020,8,7,26,26161,21,4,2202210401,NaN,NaN,NaN,NaN,NaN,NaN,NaN,1982,2,34,1,0,0,0,0.05199117564259611
412,5,1.8323500164585729,0.3664700032917146,2020,8,7,26,26161,21,4,2202210401,NaN,NaN,NaN,NaN,NaN,NaN,NaN,1981,2,34,1,0,0,0,0.02616908469378418
413,5,23.19180710506584,4.638361421013168,2020,8,7,26,26161,21,4,2202210401,NaN,NaN,NaN,NaN,NaN,NaN,NaN,1980,2,34,1,0,0,0,0.20506904486740737
414,5,260.05730384453915,52.01146076890783,2020,8,7,26,26161,21,4,2205210401,NaN,NaN,NaN,NaN,NaN,NaN,NaN,2020,5,34,1,0,0,0,0.00010147061738162594
415,5,310.4463445557139,62.08926891114278,2020,8,7,26,26161,21,4,2205210401,NaN,NaN,NaN,NaN,NaN,NaN,NaN,2019,5,34,1,0,0,0,0.00022379916388865504
416,5,327.8141613006279,65.56283226012559,2020,8,7,26,26161,21,4,2205210401,NaN,NaN,NaN,NaN,NaN,NaN,NaN,2018,5,34,1,0,0,0,0.00022801724265934453
417,5,368.3242419642923,73.66484839285846,2020,8,7,26,26161,21,4,2205210401,NaN,NaN,NaN,NaN,NaN,NaN,NaN,2017,5,34,1,0,0,0,0.00018800668298691914
418,5,367.29985169622574,73.45997033924515,2020,8,7,26,26161,21,4,2205210401,NaN,NaN,NaN,NaN,NaN,NaN,NaN,2016,5,34,1,0,0,0,0.000502093477072878
419,5,392.56334931271454,78.51266986254291,2020,8,7,26,26161,21,4,2205210401,NaN,NaN,NaN,NaN,NaN,NaN,NaN,2015,5,34,1,0,0,0,0.0005608023748040837
420,5,364.0998652152451,72.81997304304902,2020,8,7,26,26161,21,4,2205210401,NaN,NaN,NaN,NaN,NaN,NaN,NaN,2014,5,34,1,0,0,0,0.0007267750232108487
421,5,370.3959424661204,74.07918849322408,2020,8,7,26,26161,21,4,2205210401,NaN,NaN,NaN,NaN,NaN,NaN,NaN,2013,5,34,1,0,0,0,0.0008293111843224165
422,5,316.43263381169584,63.286526762339165,2020,8,7,26,26161,21,4,2205210401,NaN,NaN,NaN,NaN,NaN,NaN,NaN,2012,5,34,1,0,0,0,0.0007910120183343938
423,5,231.92053549096389,46.38410709819278,2020,8,7,26,26161,21,4,2205210401,NaN,NaN,NaN,NaN,NaN,NaN,NaN,2011,5,34,1,0,0,0,0.0010346853897441903
424,5,230.10402906651655,46.02080581330331,2020,8,7,26,26161,21,4,2205210401,NaN,NaN,NaN,NaN,NaN,NaN,NaN,2010,5,34,1,0,0,0,0.0007667926484511582
425,5,205.50535743034038,41.10107148606808,2020,8,7,26,26161,21,4,2205210401,NaN,NaN,NaN,NaN,NaN,NaN,NaN,2009,5,34,1,0,0,0,0.0007073049501407469
426,5,253.9388285109485,50.7877657021897,2020,8,7,26,26161,21,4,2205210401,NaN,NaN,NaN,NaN,NaN,NaN,NaN,2008,5,34,1,0,0,0,0.0010378051296351149
427,5,268.1829985315532,53.63659970631064,2020,8,7,26,26161,21,4,2205210401,NaN,NaN,NaN,NaN,NaN,NaN,NaN,2007,5,34,1,0,0,0,0.0006679126843933961
428,5,229.81669167512396,45.963338335024794,2020,8,7,26,26161,21,4,2205210401,NaN,NaN,NaN,NaN,NaN,NaN,NaN,2006,5,34,1,0,0,0,0.0008844484742569269
429,5,203.39262514967626,40.67852502993525,2020,8,7,26,26161,21,4,2205210401,NaN,NaN,NaN,NaN,NaN,NaN,NaN,2005,5,34,1,0,0,0,0.0003923702829555777
430,5,164.72170300101715,32.94434060020343,2020,8,7,26,26161,21,4,2205210401,NaN,NaN,NaN,NaN,NaN,NaN,NaN,2004,5,34,1,0,0,0,0.0002964853853006698
431,5,148.74713474802425,29.74942694960485,2020,8,7,26,26161,21,4,2205210401,NaN,NaN,NaN,NaN,NaN,NaN,NaN,2003,5,34,1,0,0,0,0.0005673829432741299
432,5,118.52562992373574,23.70512598474715,2020,8,7,26,26161,21,4,2205210401,NaN,NaN,NaN,NaN,NaN,NaN,NaN,2002,5,34,1,0,0,0,0.0003031762444026072
433,5,94.5116320580201,18.90232641160402,2020,8,7,26,26161,21,4,2205210401,NaN,NaN,NaN,NaN,NaN,NaN,NaN,2001,5,34,1,0,0,0,0.0002870864581460608
434,5,83.62548218400153,16.725096436800307,2020,8,7,26,26161,21,4,2205210401,NaN,NaN,NaN,NaN,NaN,NaN,NaN,2000,5,34,1,0,0,0,0.0012855768970762222
435,5,60.874080684058114,12.174816136811623,2020,8,7,26,26161,21,4,2205210401,NaN,NaN,NaN,NaN,NaN,NaN,NaN,1999,5,34,1,0,0,0,0.0017479250566836968
436,5,46.82985881634186,9.365971763268373,2020,8,7,26,26161,21,4,2205210401,NaN,NaN,NaN,NaN,NaN,NaN,NaN,1998,5,34,1,0,0,0,0.0008119856627266592
