i1,out_dayID,out_SHO,out_activity,out_yearID,out_monthID,out_hourID,out_stateID,out_countyID,out_sourceTypeID,out_roadTypeID,out_SCC,out_zoneID,out_linkID,out_regClassID,out_fuelSubTypeID,out_engTechID,out_sectorID,out_hpID,out_modelYearID,out_fuelTypeID,out_pollutantID,out_processID,out_emissionQuant,out_refuelingRate,out_chainedEnergy
1,5,260.05730384453915,52.01146076890783,2020,8,7,26,26161,21,4,2201210418,NaN,NaN,NaN,NaN,NaN,NaN,NaN,2020,1,1,18,2.8123389854410377,0.0361,9189413.768621335
2,5,310.4463445557139,62.08926891114278,2020,8,7,26,26161,21,4,2201210418,NaN,NaN,NaN,NaN,NaN,NaN,NaN,2019,1,1,18,5.419817619031713,0.056954351734097845,11224967.724563068
3,5,327.8141613006279,65.56283226012559,2020,8,7,26,26161,21,4,2201210418,NaN,NaN,NaN,NaN,NaN,NaN,NaN,2018,1,1,18,7.8343751192750295,0.07780870346819568,11876911.627851235
4,5,368.3242419642923,73.66484839285846,2020,8,7,26,26161,21,4,2201210418,NaN,NaN,NaN,NaN,NaN,NaN,NaN,2017,1,1,18,11.74090345675578,0.09866305520229354,14036999.96171767
5,5,367.29985169622574,73.45997033924515,2020,8,7,26,26161,21,4,2201210418,NaN,NaN,NaN,NaN,NaN,NaN,NaN,2016,1,1,18,14.089048547509938,0.11653821383152026,14260693.62574098
6,5,392.56334931271454,78.51266986254291,2020,8,7,26,26161,21,4,2201210418,NaN,NaN,NaN,NaN,NaN,NaN,NaN,2015,1,1,18,18.665612300011,0.1373925655656181,16025306.667582024
7,5,364.0998652152451,72.81997304304902,2020,8,7,26,26161,21,4,2201210418,NaN,NaN,NaN,NaN,NaN,NaN,NaN,2014,1,1,18,20.85330034915226,0.15824691729971596,15544146.520552233
8,5,370.3959424661204,74.07918849322408,2020,8,7,26,26161,21,4,2201210418,NaN,NaN,NaN,NaN,NaN,NaN,NaN,2013,1,1,18,24.670599991933262,0.1791012690338138,16248317.24988753
9,5,316.43263381169584,63.286526762339165,2020,8,7,26,26161,21,4,2201210418,NaN,NaN,NaN,NaN,NaN,NaN,NaN,2012,1,1,18,24.330948069350264,0.19995562076791165,14353332.864798486
10,5,231.92053549096389,46.38410709819278,2020,8,7,26,26161,21,4,2201210418,NaN,NaN,NaN,NaN,NaN,NaN,NaN,2011,1,1,18,21.483969796624105,0.22080997250200948,11476862.828301866
11,5,230.10402906651655,46.02080581330331,2020,8,7,26,26161,21,4,2201210418,NaN,NaN,NaN,NaN,NaN,NaN,NaN,2010,1,1,18,22.957732886110236,0.2386851311312359,11345691.604757326
12,5,205.50535743034038,41.10107148606808,2020,8,7,26,26161,21,4,2201210418,NaN,NaN,NaN,NaN,NaN,NaN,NaN,2009,1,1,18,21.998982128381677,0.25953948286533374,9998307.59184477
13,5,253.9388285109485,50.7877657021897,2020,8,7,26,26161,21,4,2201210418,NaN,NaN,NaN,NaN,NaN,NaN,NaN,2008,1,1,18,29.937038909333683,0.28039383459943157,12594116.991621323
14,5,268.1829985315532,53.63659970631064,2020,8,7,26,26161,21,4,2201210418,NaN,NaN,NaN,NaN,NaN,NaN,NaN,2007,1,1,18,34.65180740073986,0.30124818633352946,13568404.818285251
15,5,229.81669167512396,45.963338335024794,2020,8,7,26,26161,21,4,2201210418,NaN,NaN,NaN,NaN,NaN,NaN,NaN,2006,1,1,18,31.543221161636318,0.3221025380676273,11551522.690304166
16,5,203.39262514967626,40.67852502993525,2020,8,7,26,26161,21,4,2201210418,NaN,NaN,NaN,NaN,NaN,NaN,NaN,2005,1,1,18,29.793221319321663,0.3429568898017251,10247201.406931251
17,5,164.72170300101715,32.94434060020343,2020,8,7,26,26161,21,4,2201210418,NaN,NaN,NaN,NaN,NaN,NaN,NaN,2004,1,1,18,25.432507429744085,0.36083204843095185,8314026.754338319
18,5,148.74713474802425,29.74942694960485,2020,8,7,26,26161,21,4,2201210418,NaN,NaN,NaN,NaN,NaN,NaN,NaN,2003,1,1,18,24.27119470200856,0.3816864001650497,7500872.955081433
19,5,118.52562992373574,23.70512598474715,2020,8,7,26,26161,21,4,2201210418,NaN,NaN,NaN,NaN,NaN,NaN,NaN,2002,1,1,18,20.346655995305817,0.40254075189914756,5962254.7804777175
20,5,94.5116320580201,18.90232641160402,2020,8,7,26,26161,21,4,2201210418,NaN,NaN,NaN,NaN,NaN,NaN,NaN,2001,1,1,18,17.11632914297898,0.4233951036332454,4768613.670448015
21,5,83.62548218400153,16.725096436800307,2020,8,7,26,26161,21,4,2201210418,NaN,NaN,NaN,NaN,NaN,NaN,NaN,2000,1,1,18,14.718552286546844,0.4233951036332454,4100592.4258953338
22,5,60.874080684058114,12.174816136811623,2020,8,7,26,26161,21,4,2201210418,NaN,NaN,NaN,NaN,NaN,NaN,NaN,1999,1,1,18,23.866575190621962,0.9417747038808201,2989306.341388468
23,5,46.82985881634186,9.365971763268373,2020,8,7,26,26161,21,4,2201210418,NaN,NaN,NaN,NaN,NaN,NaN,NaN,1998,1,1,18,38.23953257385005,1.978533904375969,2279798.269586059
24,5,36.74778034358123,7.349556068716247,2020,8,7,26,26161,21,4,2201210418,NaN,NaN,NaN,NaN,NaN,NaN,NaN,1997,1,1,18,45.58426441743036,3.0152931048711182,1783252.1568522104
25,5,26.865139913300695,5.373027982660139,2020,8,7,26,26161,21,4,2201210418,NaN,NaN,NaN,NaN,NaN,NaN,NaN,1996,1,1,18,33.81408414191865,3.0152931048711182,1322803.8062845564
26,5,25.04660490806586,5.009320981613172,2020,8,7,26,26161,21,4,2201210418,NaN,NaN,NaN,NaN,NaN,NaN,NaN,1995,1,1,18,31.148307917423022,3.0152931048711182,1218518.889926458
27,5,18.41216437802274,3.6824328756045484,2020,8,7,26,26161,21,4,2201210418,NaN,NaN,NaN,NaN,NaN,NaN,NaN,1994,1,1,18,23.079610362138,3.0152931048711182,902872.1968770834
28,5,15.146433442304176,3.029286688460835,2020,8,7,26,26161,21,4,2201210418,NaN,NaN,NaN,NaN,NaN,NaN,NaN,1993,1,1,18,18.720690404004856,3.0152931048711182,732351.6561548151
29,5,12.785088718582324,2.557017743716465,2020,8,7,26,26161,21,4,2201210418,NaN,NaN,NaN,NaN,NaN,NaN,NaN,1992,1,1,18,16.03655840661865,3.0152931048711182,627348.6636795271
30,5,12.603265015943999,2.5206530031887997,2020,8,7,26,26161,21,4,2201210418,NaN,NaN,NaN,NaN,NaN,NaN,NaN,1991,1,1,18,15.372074734921615,3.0152931048711182,601354.1246452695
31,5,10.501237834887378,2.1002475669774756,2020,8,7,26,26161,21,4,2201210418,NaN,NaN,NaN,NaN,NaN,NaN,NaN,1990,1,1,18,13.453825188443577,3.0152931048711182,526312.3819550062
32,5,10.217773915995503,2.0435547831991006,2020,8,7,26,26161,21,4,2201210418,NaN,NaN,NaN,NaN,NaN,NaN,NaN,1989,1,1,18,13.049550743767625,3.0152931048711182,510497.2035235438
33,5,9.15454189972411,1.830908379944822,2020,8,7,26,26161,21,4,2201210418,NaN,NaN,NaN,NaN,NaN,NaN,NaN,1988,1,1,18,11.5910555830515,3.0152931048711182,453441.0093665304
34,5,9.00619255308734,1.801238510617468,2020,8,7,26,26161,21,4,2201210418,NaN,NaN,NaN,NaN,NaN,NaN,NaN,1987,1,1,18,11.27542103537829,3.0152931048711182,441093.4154082061
35,5,7.780739775004618,1.5561479550009236,2020,8,7,26,26161,21,4,2201210418,NaN,NaN,NaN,NaN,NaN,NaN,NaN,1986,1,1,18,9.88707568570655,3.0152931048711182,386781.4752925028
36,5,5.992761098455286,1.1985522196910572,2020,8,7,26,26161,21,4,2201210418,NaN,NaN,NaN,NaN,NaN,NaN,NaN,1985,1,1,18,8.414095665859787,3.0152931048711182,329158.63480223116
37,5,4.779871405562617,0.9559742811125235,2020,8,7,26,26161,21,4,2201210418,NaN,NaN,NaN,NaN,NaN,NaN,NaN,1984,1,1,18,6.697322445566334,3.0152931048711182,261998.62713204502
38,5,3.5629958872973577,0.7125991774594715,2020,8,7,26,26161,21,4,2201210418,NaN,NaN,NaN,NaN,NaN,NaN,NaN,1983,1,1,18,4.929583764321178,3.0152931048711182,192844.8554003215
39,5,2.6061493961116446,0.5212298792223289,2020,8,7,26,26161,21,4,2201210418,NaN,NaN,NaN,NaN,NaN,NaN,NaN,1982,1,1,18,3.417747912382606,3.0152931048711182,133701.9783959253
40,5,1.8323500164585729,0.3664700032917146,2020,8,7,26,26161,21,4,2201210418,NaN,NaN,NaN,NaN,NaN,NaN,NaN,1981,1,1,18,2.9501468411377707,3.0152931048711182,115409.46826111416
41,5,23.19180710506584,4.638361421013168,2020,8,7,26,26161,21,4,2201210418,NaN,NaN,NaN,NaN,NaN,NaN,NaN,1980,1,1,18,39.5602412133477,3.0152931048711182,1547592.933019248
42,5,260.05730384453915,52.01146076890783,2020,8,7,26,26161,21,4,2205210418,NaN,NaN,NaN,NaN,NaN,NaN,NaN,2020,5,1,18,0.0012904125827849964,0.0361,3064.436056096901
43,5,310.4463445557139,62.08926891114278,2020,8,7,26,26161,21,4,2205210418,NaN,NaN,NaN,NaN,NaN,NaN,NaN,2019,5,1,18,0.0038606742697690306,0.056137889153408255,5895.7119772952965
44,5,327.8141613006279,65.56283226012559,2020,8,7,26,26161,21,4,2205210418,NaN,NaN,NaN,NaN,NaN,NaN,NaN,2018,5,1,18,0.0046866944295605945,0.07617577830681652,5274.471071472951
45,5,368.3242419642923,73.66484839285846,2020,8,7,26,26161,21,4,2205210418,NaN,NaN,NaN,NaN,NaN,NaN,NaN,2017,5,1,18,0.0044828824837935145,0.09621366746022478,3994.3835195670845
46,5,367.29985169622574,73.45997033924515,2020,8,7,26,26161,21,4,2205210418,NaN,NaN,NaN,NaN,NaN,NaN,NaN,2016,5,1,18,0.01038391193911007,0.113389001020289,7850.896348967952
47,5,392.56334931271454,78.51266986254291,2020,8,7,26,26161,21,4,2205210418,NaN,NaN,NaN,NaN,NaN,NaN,NaN,2015,5,1,18,0.014485366494268436,0.13342689017369727,9307.119715322271
48,5,364.0998652152451,72.81997304304902,2020,8,7,26,26161,21,4,2205210418,NaN,NaN,NaN,NaN,NaN,NaN,NaN,2014,5,1,18,0.02077671761104752,0.15346477932710553,11606.396264786643
49,5,370.3959424661204,74.07918849322408,2020,8,7,26,26161,21,4,2205210418,NaN,NaN,NaN,NaN,NaN,NaN,NaN,2013,5,1,18,0.027575544687018665,0.17350266848051377,13625.33275326219
50,5,316.43263381169584,63.286526762339165,2020,8,7,26,26161,21,4,2205210418,NaN,NaN,NaN,NaN,NaN,NaN,NaN,2012,5,1,18,0.02801558920299158,0.19354055763392203,12409.576165896528
51,5,231.92053549096389,46.38410709819278,2020,8,7,26,26161,21,4,2205210418,NaN,NaN,NaN,NaN,NaN,NaN,NaN,2011,5,1,18,0.04409232186439237,0.2135784467873303,17698.429143117308
52,5,230.10402906651655,46.02080581330331,2020,8,7,26,26161,21,4,2205210418,NaN,NaN,NaN,NaN,NaN,NaN,NaN,2010,5,1,18,0.029634101454527665,0.2307537803473942,11009.614565442582
53,5,205.50535743034038,41.10107148606808,2020,8,7,26,26161,21,4,2205210418,NaN,NaN,NaN,NaN,NaN,NaN,NaN,2009,5,1,18,0.024012904299961203,0.25079166950080245,8208.442491101128
54,5,253.9388285109485,50.7877657021897,2020,8,7,26,26161,21,4,2205210418,NaN,NaN,NaN,NaN,NaN,NaN,NaN,2008,5,1,18,0.036645665737704856,0.2708295586542107,11599.93966103693
55,5,268.1829985315532,53.63659970631064,2020,8,7,26,26161,21,4,2205210418,NaN,NaN,NaN,NaN,NaN,NaN,NaN,2007,5,1,18,0.024940124798058655,0.290867447807619,7350.76736212112
56,5,229.81669167512396,45.963338335024794,2020,8,7,26,26161,21,4,2205210418,NaN,NaN,NaN,NaN,NaN,NaN,NaN,2006,5,1,18,0.026801257028875827,0.31090533696102723,7390.199507795778
57,5,203.39262514967626,40.67852502993525,2020,8,7,26,26161,21,4,2205210418,NaN,NaN,NaN,NaN,NaN,NaN,NaN,2005,5,1,18,0.009858637175585118,0.3309432261144355,2553.833407521979
58,5,164.72170300101715,32.94434060020343,2020,8,7,26,26161,21,4,2205210418,NaN,NaN,NaN,NaN,NaN,NaN,NaN,2004,5,1,18,0.005761750287422496,0.34811855967449973,1418.915165403364
59,5,148.74713474802425,29.74942694960485,2020,8,7,26,26161,21,4,2205210418,NaN,NaN,NaN,NaN,NaN,NaN,NaN,2003,5,1,18,0.008213672750048135,0.368156448827908,1912.6440763404835
60,5,118.52562992373574,23.70512598474715,2020,8,7,26,26161,21,4,2205210418,NaN,NaN,NaN,NaN,NaN,NaN,NaN,2002,5,1,18,0.0038442886367604135,0.38819433798131625,848.9770836315337
61,5,94.5116320580201,18.90232641160402,2020,8,7,26,26161,21,4,2205210418,NaN,NaN,NaN,NaN,NaN,NaN,NaN,2001,5,1,18,0.0038281732378773557,0.4082322271347245,803.9211840327994
62,5,83.62548218400153,16.725096436800307,2020,8,7,26,26161,21,4,2205210418,NaN,NaN,NaN,NaN,NaN,NaN,NaN,2000,5,1,18,0.0043676195617680935,0.4082322271347245,917.2055890156954
63,5,60.874080684058114,12.174816136811623,2020,8,7,26,26161,21,4,2205210418,NaN,NaN,NaN,NaN,NaN,NaN,NaN,1999,5,1,18,0.009587690810520157,0.9063169003765866,906.9077600858818
64,5,46.82985881634186,9.365971763268373,2020,8,7,26,26161,21,4,2205210418,NaN,NaN,NaN,NaN,NaN,NaN,NaN,1998,5,1,18,0.008171148027966873,1.9024862468603105,368.20588762051347
65,5,260.05730384453915,52.01146076890783,2020,8,7,26,26161,21,4,2201210419,NaN,NaN,NaN,NaN,NaN,NaN,NaN,2020,1,1,19,12.075139688181741,0.155,9189413.768621335
66,5,310.4463445557139,62.08926891114278,2020,8,7,26,26161,21,4,2201210419,NaN,NaN,NaN,NaN,NaN,NaN,NaN,2019,1,1,19,14.74991296313843,0.155,11224967.724563068
67,5,327.8141613006279,65.56283226012559,2020,8,7,26,26161,21,4,2201210419,NaN,NaN,NaN,NaN,NaN,NaN,NaN,2018,1,1,19,15.606584988066102,0.155,11876911.627851235
68,5,368.3242419642923,73.66484839285846,2020,8,7,26,26161,21,4,2201210419,NaN,NaN,NaN,NaN,NaN,NaN,NaN,2017,1,1,19,18.444999823549367,0.155,14036999.96171767
69,5,367.29985169622574,73.45997033924515,2020,8,7,26,26161,21,4,2201210419,NaN,NaN,NaN,NaN,NaN,NaN,NaN,2016,1,1,19,18.738939383618593,0.155,14260693.62574098
70,5,392.56334931271454,78.51266986254291,2020,8,7,26,26161,21,4,2201210419,NaN,NaN,NaN,NaN,NaN,NaN,NaN,2015,1,1,19,21.057688926552135,0.155,16025306.667582024
71,5,364.0998652152451,72.81997304304902,2020,8,7,26,26161,21,4,2201210419,NaN,NaN,NaN,NaN,NaN,NaN,NaN,2014,1,1,19,20.425431403486822,0.155,15544146.520552233
72,5,370.3959424661204,74.07918849322408,2020,8,7,26,26161,21,4,2201210419,NaN,NaN,NaN,NaN,NaN,NaN,NaN,2013,1,1,19,21.350730898661062,0.155,16248317.24988753
73,5,316.43263381169584,63.286526762339165,2020,8,7,26,26161,21,4,2201210419,NaN,NaN,NaN,NaN,NaN,NaN,NaN,2012,1,1,19,18.86066986397263,0.155,14353332.864798486
74,5,231.92053549096389,46.38410709819278,2020,8,7,26,26161,21,4,2201210419,NaN,NaN,NaN,NaN,NaN,NaN,NaN,2011,1,1,19,15.080909982208489,0.155,11476862.828301866
75,5,230.10402906651655,46.02080581330331,2020,8,7,26,26161,21,4,2201210419,NaN,NaN,NaN,NaN,NaN,NaN,NaN,2010,1,1,19,14.908547425983352,0.155,11345691.604757326
76,5,205.50535743034038,41.10107148606808,2020,8,7,26,26161,21,4,2201210419,NaN,NaN,NaN,NaN,NaN,NaN,NaN,2009,1,1,19,13.138048177696385,0.155,9998307.59184477
77,5,253.9388285109485,50.7877657021897,2020,8,7,26,26161,21,4,2201210419,NaN,NaN,NaN,NaN,NaN,NaN,NaN,2008,1,1,19,16.54901234749235,0.155,12594116.991621323
78,5,268.1829985315532,53.63659970631064,2020,8,7,26,26161,21,4,2201210419,NaN,NaN,NaN,NaN,NaN,NaN,NaN,2007,1,1,19,17.82925305703948,0.155,13568404.818285251
79,5,229.81669167512396,45.963338335024794,2020,8,7,26,26161,21,4,2201210419,NaN,NaN,NaN,NaN,NaN,NaN,NaN,2006,1,1,19,15.179015071986528,0.155,11551522.690304166
80,5,203.39262514967626,40.67852502993525,2020,8,7,26,26161,21,4,2201210419,NaN,NaN,NaN,NaN,NaN,NaN,NaN,2005,1,1,19,13.465101421827825,0.155,10247201.406931251
81,5,164.72170300101715,32.94434060020343,2020,8,7,26,26161,21,4,2201210419,NaN,NaN,NaN,NaN,NaN,NaN,NaN,2004,1,1,19,10.924857336680487,0.155,8314026.754338319
82,5,148.74713474802425,29.74942694960485,2020,8,7,26,26161,21,4,2201210419,NaN,NaN,NaN,NaN,NaN,NaN,NaN,2003,1,1,19,9.856351122766071,0.155,7500872.955081433
83,5,118.52562992373574,23.70512598474715,2020,8,7,26,26161,21,4,2201210419,NaN,NaN,NaN,NaN,NaN,NaN,NaN,2002,1,1,19,7.834564983528764,0.155,5962254.7804777175
84,5,94.5116320580201,18.90232641160402,2020,8,7,26,26161,21,4,2201210419,NaN,NaN,NaN,NaN,NaN,NaN,NaN,2001,1,1,19,6.266088092175621,0.155,4768613.670448015
85,5,83.62548218400153,16.725096436800307,2020,8,7,26,26161,21,4,2201210419,NaN,NaN,NaN,NaN,NaN,NaN,NaN,2000,1,1,19,5.388290003445436,0.155,4100592.4258953338
86,5,60.874080684058114,12.174816136811623,2020,8,7,26,26161,21,4,2201210419,NaN,NaN,NaN,NaN,NaN,NaN,NaN,1999,1,1,19,3.9280298560817433,0.155,2989306.341388468
87,5,46.82985881634186,9.365971763268373,2020,8,7,26,26161,21,4,2201210419,NaN,NaN,NaN,NaN,NaN,NaN,NaN,1998,1,1,19,2.995716947704355,0.155,2279798.269586059
88,5,36.74778034358123,7.349556068716247,2020,8,7,26,26161,21,4,2201210419,NaN,NaN,NaN,NaN,NaN,NaN,NaN,1997,1,1,19,2.3432418471317096,0.155,1783252.1568522104
89,5,26.865139913300695,5.373027982660139,2020,8,7,26,26161,21,4,2201210419,NaN,NaN,NaN,NaN,NaN,NaN,NaN,1996,1,1,19,1.7382001880780384,0.155,1322803.8062845564
90,5,25.04660490806586,5.009320981613172,2020,8,7,26,26161,21,4,2201210419,NaN,NaN,NaN,NaN,NaN,NaN,NaN,1995,1,1,19,3.2023339418652834,0.31,1218518.889926458
91,5,18.41216437802274,3.6824328756045484,2020,8,7,26,26161,21,4,2201210419,NaN,NaN,NaN,NaN,NaN,NaN,NaN,1994,1,1,19,2.3727972583178083,0.31,902872.1968770834
92,5,15.146433442304176,3.029286688460835,2020,8,7,26,26161,21,4,2201210419,NaN,NaN,NaN,NaN,NaN,NaN,NaN,1993,1,1,19,1.9246599993434332,0.31,732351.6561548151
93,5,12.785088718582324,2.557017743716465,2020,8,7,26,26161,21,4,2201210419,NaN,NaN,NaN,NaN,NaN,NaN,NaN,1992,1,1,19,1.6487064219464231,0.31,627348.6636795271
94,5,12.603265015943999,2.5206530031887997,2020,8,7,26,26161,21,4,2201210419,NaN,NaN,NaN,NaN,NaN,NaN,NaN,1991,1,1,19,1.580391359011642,0.31,601354.1246452695
95,5,10.501237834887378,2.1002475669774756,2020,8,7,26,26161,21,4,2201210419,NaN,NaN,NaN,NaN,NaN,NaN,NaN,1990,1,1,19,1.3831775762296168,0.31,526312.3819550062
96,5,10.217773915995503,2.0435547831991006,2020,8,7,26,26161,21,4,2201210419,NaN,NaN,NaN,NaN,NaN,NaN,NaN,1989,1,1,19,1.3416144268140304,0.31,510497.2035235438
97,5,9.15454189972411,1.830908379944822,2020,8,7,26,26161,21,4,2201210419,NaN,NaN,NaN,NaN,NaN,NaN,NaN,1988,1,1,19,1.1916676441640817,0.31,453441.0093665304
98,5,9.00619255308734,1.801238510617468,2020,8,7,26,26161,21,4,2201210419,NaN,NaN,NaN,NaN,NaN,NaN,NaN,1987,1,1,19,1.159217495413824,0.31,441093.4154082061
99,5,7.780739775004618,1.5561479550009236,2020,8,7,26,26161,21,4,2201210419,NaN,NaN,NaN,NaN,NaN,NaN,NaN,1986,1,1,19,1.016482761698232,0.31,386781.4752925028
100,5,5.992761098455286,1.1985522196910572,2020,8,7,26,26161,21,4,2201210419,NaN,NaN,NaN,NaN,NaN,NaN,NaN,1985,1,1,19,0.865046801653474,0.31,329158.63480223116
101,5,4.779871405562617,0.9559742811125235,2020,8,7,26,26161,21,4,2201210419,NaN,NaN,NaN,NaN,NaN,NaN,NaN,1984,1,1,19,0.6885466473463463,0.31,261998.62713204502
102,5,3.5629958872973577,0.7125991774594715,2020,8,7,26,26161,21,4,2201210419,NaN,NaN,NaN,NaN,NaN,NaN,NaN,1983,1,1,19,0.5068067726055717,0.31,192844.8554003215
103,5,2.6061493961116446,0.5212298792223289,2020,8,7,26,26161,21,4,2201210419,NaN,NaN,NaN,NaN,NaN,NaN,NaN,1982,1,1,19,0.35137607389709924,0.31,133701.9783959253
104,5,1.8323500164585729,0.3664700032917146,2020,8,7,26,26161,21,4,2201210419,NaN,NaN,NaN,NaN,NaN,NaN,NaN,1981,1,1,19,0.30330236197445853,0.31,115409.46826111416
105,5,23.19180710506584,4.638361421013168,2020,8,7,26,26161,21,4,2201210419,NaN,NaN,NaN,NaN,NaN,NaN,NaN,1980,1,1,19,4.067158431903744,0.31,1547592.933019248
106,5,310.4463445557139,62.08926891114278,2020,8,7,26,26161,21,4,2202210419,NaN,NaN,NaN,NaN,NaN,NaN,NaN,2019,2,1,19,0.0010042051436006056,0.155,886.0853516160128
107,5,327.8141613006279,65.56283226012559,2020,8,7,26,26161,21,4,2202210419,NaN,NaN,NaN,NaN,NaN,NaN,NaN,2018,2,1,19,0.01181338918180597,0.155,10423.837373910692
108,5,368.3242419642923,73.66484839285846,2020,8,7,26,26161,21,4,2202210419,NaN,NaN,NaN,NaN,NaN,NaN,NaN,2017,2,1,19,0.014514006769728156,0.155,12806.794382470049
109,5,367.29985169622574,73.45997033924515,2020,8,7,26,26161,21,4,2202210419,NaN,NaN,NaN,NaN,NaN,NaN,NaN,2016,2,1,19,0.013840226983149897,0.155,12212.268051962217
110,5,392.56334931271454,78.51266986254291,2020,8,7,26,26161,21,4,2202210419,NaN,NaN,NaN,NaN,NaN,NaN,NaN,2015,2,1,19,0.1839850543304866,0.155,162343.78263985435
111,5,364.0998652152451,72.81997304304902,2020,8,7,26,26161,21,4,2202210419,NaN,NaN,NaN,NaN,NaN,NaN,NaN,2014,2,1,19,0.23258960005809698,0.155,205231.21083681172
112,5,370.3959424661204,74.07918849322408,2020,8,7,26,26161,21,4,2202210419,NaN,NaN,NaN,NaN,NaN,NaN,NaN,2013,2,1,19,0.2455505689374855,0.155,216667.6436612833
113,5,316.43263381169584,63.286526762339165,2020,8,7,26,26161,21,4,2202210419,NaN,NaN,NaN,NaN,NaN,NaN,NaN,2012,2,1,19,0.20177150407741193,0.155,178038.0983665154
114,5,231.92053549096389,46.38410709819278,2020,8,7,26,26161,21,4,2202210419,NaN,NaN,NaN,NaN,NaN,NaN,NaN,2011,2,1,19,0.1740257370736547,0.155,153555.9316816988
115,5,230.10402906651655,46.02080581330331,2020,8,7,26,26161,21,4,2202210419,NaN,NaN,NaN,NaN,NaN,NaN,NaN,2010,2,1,19,0.15490563175742728,0.155,136684.8318371806
116,5,205.50535743034038,41.10107148606808,2020,8,7,26,26161,21,4,2202210419,NaN,NaN,NaN,NaN,NaN,NaN,NaN,2009,2,1,19,0.10002177801839951,0.155,88256.70024644044
117,5,253.9388285109485,50.7877657021897,2020,8,7,26,26161,21,4,2202210419,NaN,NaN,NaN,NaN,NaN,NaN,NaN,2008,2,1,19,0.011084213511384222,0.155,9780.43110933128
118,5,268.1829985315532,53.63659970631064,2020,8,7,26,26161,21,4,2202210419,NaN,NaN,NaN,NaN,NaN,NaN,NaN,2007,2,1,19,0.007889205409250132,0.155,6961.236350534599
119,5,229.81669167512396,45.963338335024794,2020,8,7,26,26161,21,4,2202210419,NaN,NaN,NaN,NaN,NaN,NaN,NaN,2006,2,1,19,0.10017938033763374,0.155,88395.764567455
120,5,203.39262514967626,40.67852502993525,2020,8,7,26,26161,21,4,2202210419,NaN,NaN,NaN,NaN,NaN,NaN,NaN,2005,2,1,19,0.06265851816721063,0.155,55288.299861579886
121,5,164.72170300101715,32.94434060020343,2020,8,7,26,26161,21,4,2202210419,NaN,NaN,NaN,NaN,NaN,NaN,NaN,2004,2,1,19,0.03494769275240809,0.155,30836.964755681453
122,5,148.74713474802425,29.74942694960485,2020,8,7,26,26161,21,4,2202210419,NaN,NaN,NaN,NaN,NaN,NaN,NaN,2003,2,1,19,0.03882137368111235,0.155,34255.00334035963
123,5,118.52562992373574,23.70512598474715,2020,8,7,26,26161,21,4,2202210419,NaN,NaN,NaN,NaN,NaN,NaN,NaN,2002,2,1,19,0.034473719576151717,0.155,30418.742750729518
124,5,94.5116320580201,18.90232641160402,2020,8,7,26,26161,21,4,2202210419,NaN,NaN,NaN,NaN,NaN,NaN,NaN,2001,2,1,19,0.01988323101683663,0.155,17544.46276150848
125,5,83.62548218400153,16.725096436800307,2020,8,7,26,26161,21,4,2202210419,NaN,NaN,NaN,NaN,NaN,NaN,NaN,2000,2,1,19,0.01621761452773751,0.155,14310.015003168108
126,5,60.874080684058114,12.174816136811623,2020,8,7,26,26161,21,4,2202210419,NaN,NaN,NaN,NaN,NaN,NaN,NaN,1999,2,1,19,0.007178125081867653,0.155,6333.79696135086
127,5,46.82985881634186,9.365971763268373,2020,8,7,26,26161,21,4,2202210419,NaN,NaN,NaN,NaN,NaN,NaN,NaN,1998,2,1,19,0.00648835797331301,0.155,5725.163820192717
128,5,36.74778034358123,7.349556068716247,2020,8,7,26,26161,21,4,2202210419,NaN,NaN,NaN,NaN,NaN,NaN,NaN,1997,2,1,19,0.002092920519002733,0.155,1846.7404053872108
129,5,26.865139913300695,5.373027982660139,2020,8,7,26,26161,21,4,2202210419,NaN,NaN,NaN,NaN,NaN,NaN,NaN,1996,2,1,19,0.00209636697384524,0.155,1849.7814704229881
130,5,25.04660490806586,5.009320981613172,2020,8,7,26,26161,21,4,2202210419,NaN,NaN,NaN,NaN,NaN,NaN,NaN,1995,2,1,19,0.0029638337043431783,0.31,1307.606143416059
131,5,18.41216437802274,3.6824328756045484,2020,8,7,26,26161,21,4,2202210419,NaN,NaN,NaN,NaN,NaN,NaN,NaN,1994,2,1,19,0.0003469439220307226,0.31,153.0672936215809
132,5,15.146433442304176,3.029286688460835,2020,8,7,26,26161,21,4,2202210419,NaN,NaN,NaN,NaN,NaN,NaN,NaN,1993,2,1,19,0.0013152310368221471,0.31,580.263386990952
133,5,12.785088718582324,2.557017743716465,2020,8,7,26,26161,21,4,2202210419,NaN,NaN,NaN,NaN,NaN,NaN,NaN,1992,2,1,19,0.0018702484868918473,0.31,825.130103484106
134,5,12.603265015943999,2.5206530031887997,2020,8,7,26,26161,21,4,2202210419,NaN,NaN,NaN,NaN,NaN,NaN,NaN,1991,2,1,19,0.004466866984888672,0.31,1970.7255176643625
135,5,10.501237834887378,2.1002475669774756,2020,8,7,26,26161,21,4,2202210419,NaN,NaN,NaN,NaN,NaN,NaN,NaN,1990,2,1,19,0.001402671324388248,0.31,618.840941809885
136,5,10.217773915995503,2.0435547831991006,2020,8,7,26,26161,21,4,2202210419,NaN,NaN,NaN,NaN,NaN,NaN,NaN,1989,2,1,19,0.001168049664026824,0.31,515.3288169502808
137,5,9.15454189972411,1.830908379944822,2020,8,7,26,26161,21,4,2202210419,NaN,NaN,NaN,NaN,NaN,NaN,NaN,1988,2,1,19,0.0002987815780980254,0.31,131.81867339183404
138,5,9.00619255308734,1.801238510617468,2020,8,7,26,26161,21,4,2202210419,NaN,NaN,NaN,NaN,NaN,NaN,NaN,1987,2,1,19,0.014434005077671098,0.31,6368.101451172351
139,5,7.780739775004618,1.5561479550009236,2020,8,7,26,26161,21,4,2202210419,NaN,NaN,NaN,NaN,NaN,NaN,NaN,1986,2,1,19,0.008675725953154733,0.31,3827.621144302135
140,5,5.992761098455286,1.1985522196910572,2020,8,7,26,26161,21,4,2202210419,NaN,NaN,NaN,NaN,NaN,NaN,NaN,1985,2,1,19,0.013115067833813705,0.31,5786.202932263924
141,5,4.779871405562617,0.9559742811125235,2020,8,7,26,26161,21,4,2202210419,NaN,NaN,NaN,NaN,NaN,NaN,NaN,1984,2,1,19,0.014626289168555975,0.31,6452.934773012841
142,5,3.5629958872973577,0.7125991774594715,2020,8,7,26,26161,21,4,2202210419,NaN,NaN,NaN,NaN,NaN,NaN,NaN,1983,2,1,19,0.02130262596737413,0.31,9398.450576027168
143,5,2.6061493961116446,0.5212298792223289,2020,8,7,26,26161,21,4,2202210419,NaN,NaN,NaN,NaN,NaN,NaN,NaN,1982,2,1,19,0.024047776506629783,0.31,10609.576458181913
144,5,1.8323500164585729,0.3664700032917146,2020,8,7,26,26161,21,4,2202210419,NaN,NaN,NaN,NaN,NaN,NaN,NaN,1981,2,1,19,0.013985330097790823,0.31,6170.151694669888
145,5,23.19180710506584,4.638361421013168,2020,8,7,26,26161,21,4,2202210419,NaN,NaN,NaN,NaN,NaN,NaN,NaN,1980,2,1,19,0.12059057809010634,0.31,53203.04594608217
146,5,260.05730384453915,52.01146076890783,2020,8,7,26,26161,21,4,2205210419,NaN,NaN,NaN,NaN,NaN,NaN,NaN,2020,5,1,19,0.0055405526407666045,0.155,3064.436056096901
147,5,310.4463445557139,62.08926891114278,2020,8,7,26,26161,21,4,2205210419,NaN,NaN,NaN,NaN,NaN,NaN,NaN,2019,5,1,19,0.010659547782050322,0.155,5895.7119772952965
148,5,327.8141613006279,65.56283226012559,2020,8,7,26,26161,21,4,2205210419,NaN,NaN,NaN,NaN,NaN,NaN,NaN,2018,5,1,19,0.009536333631616961,0.155,5274.471071472951
149,5,368.3242419642923,73.66484839285846,2020,8,7,26,26161,21,4,2205210419,NaN,NaN,NaN,NaN,NaN,NaN,NaN,2017,5,1,19,0.007221913511146928,0.155,3994.3835195670845
150,5,367.29985169622574,73.45997033924515,2020,8,7,26,26161,21,4,2205210419,NaN,NaN,NaN,NaN,NaN,NaN,NaN,2016,5,1,19,0.014194554463656204,0.155,7850.896348967952
151,5,392.56334931271454,78.51266986254291,2020,8,7,26,26161,21,4,2205210419,NaN,NaN,NaN,NaN,NaN,NaN,NaN,2015,5,1,19,0.016827431139920364,0.155,9307.119715322271
152,5,364.0998652152451,72.81997304304902,2020,8,7,26,26161,21,4,2205210419,NaN,NaN,NaN,NaN,NaN,NaN,NaN,2014,5,1,19,0.020984562346049444,0.155,11606.396264786643
153,5,370.3959424661204,74.07918849322408,2020,8,7,26,26161,21,4,2205210419,NaN,NaN,NaN,NaN,NaN,NaN,NaN,2013,5,1,19,0.024634833941864897,0.155,13625.33275326219
154,5,316.43263381169584,63.286526762339165,2020,8,7,26,26161,21,4,2205210419,NaN,NaN,NaN,NaN,NaN,NaN,NaN,2012,5,1,19,0.02243672530218336,0.155,12409.576165896528
155,5,231.92053549096389,46.38410709819278,2020,8,7,26,26161,21,4,2205210419,NaN,NaN,NaN,NaN,NaN,NaN,NaN,2011,5,1,19,0.0319990616646166,0.155,17698.429143117308
156,5,230.10402906651655,46.02080581330331,2020,8,7,26,26161,21,4,2205210419,NaN,NaN,NaN,NaN,NaN,NaN,NaN,2010,5,1,19,0.019905570857979914,0.155,11009.614565442582
157,5,205.50535743034038,41.10107148606808,2020,8,7,26,26161,21,4,2205210419,NaN,NaN,NaN,NaN,NaN,NaN,NaN,2009,5,1,19,0.014841003985110745,0.155,8208.442491101128
158,5,253.9388285109485,50.7877657021897,2020,8,7,26,26161,21,4,2205210419,NaN,NaN,NaN,NaN,NaN,NaN,NaN,2008,5,1,19,0.02097288869637916,0.155,11599.93966103693
159,5,268.1829985315532,53.63659970631064,2020,8,7,26,26161,21,4,2205210419,NaN,NaN,NaN,NaN,NaN,NaN,NaN,2007,5,1,19,0.013290312727795841,0.155,7350.76736212112
160,5,229.81669167512396,45.963338335024794,2020,8,7,26,26161,21,4,2205210419,NaN,NaN,NaN,NaN,NaN,NaN,NaN,2006,5,1,19,0.013361606719528563,0.155,7390.199507795778
161,5,203.39262514967626,40.67852502993525,2020,8,7,26,26161,21,4,2205210419,NaN,NaN,NaN,NaN,NaN,NaN,NaN,2005,5,1,19,0.0046173743459166664,0.155,2553.833407521979
162,5,164.72170300101715,32.94434060020343,2020,8,7,26,26161,21,4,2205210419,NaN,NaN,NaN,NaN,NaN,NaN,NaN,2004,5,1,19,0.0025654228128070295,0.155,1418.915165403364
163,5,148.74713474802425,29.74942694960485,2020,8,7,26,26161,21,4,2205210419,NaN,NaN,NaN,NaN,NaN,NaN,NaN,2003,5,1,19,0.003458093102295679,0.155,1912.6440763404835
164,5,118.52562992373574,23.70512598474715,2020,8,7,26,26161,21,4,2205210419,NaN,NaN,NaN,NaN,NaN,NaN,NaN,2002,5,1,19,0.0015349650430154984,0.155,848.9770836315337
165,5,94.5116320580201,18.90232641160402,2020,8,7,26,26161,21,4,2205210419,NaN,NaN,NaN,NaN,NaN,NaN,NaN,2001,5,1,19,0.001453503208298074,0.155,803.9211840327994
166,5,83.62548218400153,16.725096436800307,2020,8,7,26,26161,21,4,2205210419,NaN,NaN,NaN,NaN,NaN,NaN,NaN,2000,5,1,19,0.0016583233441063868,0.155,917.2055890156954
167,5,60.874080684058114,12.174816136811623,2020,8,7,26,26161,21,4,2205210419,NaN,NaN,NaN,NaN,NaN,NaN,NaN,1999,5,1,19,0.0016397046938141982,0.155,906.9077600858818
168,5,46.82985881634186,9.365971763268373,2020,8,7,26,26161,21,4,2205210419,NaN,NaN,NaN,NaN,NaN,NaN,NaN,1998,5,1,19,0.000665722523053729,0.155,368.20588762051347
